-- DukaPOS Kenyan-ready sample dataset (PostgreSQL)
-- Generated for demo/testing purposes. Review tax mapping with your accountant/KRA before production use.

BEGIN;

DROP VIEW IF EXISTS vw_low_stock_products;
DROP TABLE IF EXISTS stock_movements CASCADE;
DROP TABLE IF EXISTS products CASCADE;
DROP TABLE IF EXISTS suppliers CASCADE;
DROP TABLE IF EXISTS categories CASCADE;
DROP TABLE IF EXISTS tax_codes CASCADE;

CREATE TABLE tax_codes (
    id SERIAL PRIMARY KEY,
    code VARCHAR(20) NOT NULL UNIQUE,
    name VARCHAR(100) NOT NULL,
    tax_type VARCHAR(20) NOT NULL CHECK (tax_type IN ('standard','zero_rated','exempt')),
    rate NUMERIC(5,2) NOT NULL DEFAULT 0.00
);

CREATE TABLE categories (
    id SERIAL PRIMARY KEY,
    name VARCHAR(100) NOT NULL UNIQUE,
    default_tax_type VARCHAR(20) NOT NULL CHECK (default_tax_type IN ('standard','zero_rated','exempt'))
);

CREATE TABLE suppliers (
    id SERIAL PRIMARY KEY,
    name VARCHAR(150) NOT NULL,
    contact_phone VARCHAR(30),
    address TEXT,
    is_active BOOLEAN NOT NULL DEFAULT TRUE
);

CREATE TABLE products (
    id SERIAL PRIMARY KEY,
    name VARCHAR(150) NOT NULL,
    sku VARCHAR(30) NOT NULL UNIQUE,
    barcode VARCHAR(20) UNIQUE,
    category_id INT NOT NULL REFERENCES categories(id),
    supplier_id INT REFERENCES suppliers(id),
    unit_of_measure VARCHAR(20) NOT NULL DEFAULT 'pcs',
    pack_size VARCHAR(50),
    cost_price NUMERIC(12,2) NOT NULL DEFAULT 0.00,
    selling_price NUMERIC(12,2) NOT NULL DEFAULT 0.00,
    tax_id INT NOT NULL REFERENCES tax_codes(id),
    reorder_level INT NOT NULL DEFAULT 0,
    current_stock INT NOT NULL DEFAULT 0,
    is_active BOOLEAN NOT NULL DEFAULT TRUE,
    created_at TIMESTAMP NOT NULL DEFAULT NOW(),
    updated_at TIMESTAMP NOT NULL DEFAULT NOW()
);

CREATE TABLE stock_movements (
    id BIGSERIAL PRIMARY KEY,
    product_id INT NOT NULL REFERENCES products(id) ON DELETE CASCADE,
    movement_type VARCHAR(30) NOT NULL CHECK (movement_type IN ('opening_stock','purchase','sale','adjustment_in','adjustment_out','return_in','return_out')),
    quantity INT NOT NULL,
    reference_no VARCHAR(50),
    notes TEXT,
    created_at TIMESTAMP NOT NULL DEFAULT NOW()
);

INSERT INTO tax_codes (id, code, name, tax_type, rate) VALUES
(1, 'VAT16', 'Standard VAT 16%', 'standard', 16.00),
(2, 'ZR0', 'Zero-rated VAT 0%', 'zero_rated', 0.00),
(3, 'EXEMPT', 'Exempt / Non-taxed', 'exempt', 0.00);

INSERT INTO categories (id, name, default_tax_type) VALUES
(1, 'Beverages', 'standard'),
(2, 'Snacks', 'standard'),
(3, 'Household', 'standard'),
(4, 'Personal Care', 'standard'),
(5, 'Hardware', 'standard'),
(6, 'Electronics Accessories', 'standard'),
(7, 'Bakery & Bread', 'zero_rated'),
(8, 'Dairy', 'zero_rated'),
(9, 'Cereals & Flour', 'zero_rated'),
(10, 'Fresh Produce', 'zero_rated'),
(11, 'Pharmacy', 'exempt'),
(12, 'Books & Stationery', 'exempt');

INSERT INTO suppliers (id, name, address, contact_phone, is_active) VALUES
(1, 'Nairobi Wholesale Traders Ltd', 'P.O. Box 1001 Nairobi', '0722000001', TRUE),
(2, 'Mombasa FMCG Distributors', 'P.O. Box 2002 Mombasa', '0722000002', TRUE),
(3, 'Rift Valley Grain Supply', 'P.O. Box 3003 Nakuru', '0722000003', TRUE),
(4, 'Mount Kenya Dairy Supply', 'P.O. Box 4004 Nyeri', '0722000004', TRUE),
(5, 'Kisumu Fresh Hub', 'P.O. Box 5005 Kisumu', '0722000005', TRUE),
(6, 'Eastern Hardware Depot', 'P.O. Box 6006 Embu', '0722000006', TRUE),
(7, 'Metro Pharma Supply', 'P.O. Box 7007 Nairobi', '0722000007', TRUE),
(8, 'City Stationers Kenya', 'P.O. Box 8008 Nairobi', '0722000008', TRUE);

INSERT INTO products (id, name, sku, barcode, category_id, supplier_id, unit_of_measure, pack_size, cost_price, selling_price, tax_id, reorder_level, current_stock, is_active) VALUES
(1, 'Kijani Orange Soda', 'BEV-0001', '620100000001', 1, 2, 'pcs', '300ml Bottle', 120.00, 175.00, 1, 15, 55, TRUE),
(2, 'Kijani Juice', 'BEV-0002', '620100000002', 1, 4, 'pcs', '1L Pack', 35.00, 50.00, 1, 12, 149, TRUE),
(3, 'BluePeak Flavoured Water', 'BEV-0003', '620100000003', 1, 7, 'pcs', '500ml Bottle', 65.00, 85.00, 1, 17, 21, TRUE),
(4, 'Metro Mineral Water', 'BEV-0004', '620100000004', 1, 2, 'pcs', '500ml Bottle', 60.00, 70.00, 1, 15, 106, TRUE),
(5, 'Kijani Juice', 'BEV-0005', '620100000005', 1, 8, 'pcs', '1L Pack', 75.00, 110.00, 1, 13, 87, TRUE),
(6, 'Kijani Flavoured Water', 'BEV-0006', '620100000006', 1, 6, 'pcs', '500ml Bottle', 150.00, 215.00, 1, 21, 161, TRUE),
(7, 'Kijani Energy Drink', 'BEV-0007', '620100000007', 1, 4, 'pcs', '250ml Can', 35.00, 55.00, 1, 14, 94, TRUE),
(8, 'BluePeak Orange Soda', 'BEV-0008', '620100000008', 1, 6, 'pcs', '300ml Bottle', 75.00, 95.00, 1, 17, 113, TRUE),
(9, 'Safari Mineral Water', 'BEV-0009', '620100000009', 1, 4, 'pcs', '500ml Bottle', 125.00, 160.00, 1, 17, 38, TRUE),
(10, 'BluePeak Lemon Soda', 'BEV-0010', '620100000010', 1, 6, 'pcs', '500ml Bottle', 95.00, 110.00, 1, 19, 162, TRUE),
(11, 'Safari Soda Cola', 'BEV-0011', '620100000011', 1, 2, 'pcs', '300ml Bottle', 155.00, 190.00, 1, 20, 122, TRUE),
(12, 'Jambo Energy Drink', 'BEV-0012', '620100000012', 1, 8, 'pcs', '250ml Can', 140.00, 200.00, 1, 24, 147, TRUE),
(13, 'Metro Lemon Soda', 'BEV-0013', '620100000013', 1, 7, 'pcs', '500ml Bottle', 55.00, 70.00, 1, 20, 157, TRUE),
(14, 'Metro Juice', 'BEV-0014', '620100000014', 1, 2, 'pcs', '1L Pack', 70.00, 85.00, 1, 27, 150, TRUE),
(15, 'Kijani Soda Cola', 'BEV-0015', '620100000015', 1, 7, 'pcs', '300ml Bottle', 45.00, 70.00, 1, 14, 128, TRUE),
(16, 'Jambo Juice', 'BEV-0016', '620100000016', 1, 2, 'pcs', '1L Pack', 165.00, 220.00, 1, 12, 161, TRUE),
(17, 'Metro Flavoured Water', 'BEV-0017', '620100000017', 1, 3, 'pcs', '500ml Bottle', 125.00, 180.00, 1, 25, 95, TRUE),
(18, 'Kijani Iced Tea', 'BEV-0018', '620100000018', 1, 3, 'pcs', '500ml Bottle', 175.00, 210.00, 1, 28, 87, TRUE),
(19, 'Kijani Flavoured Water', 'BEV-0019', '620100000019', 1, 3, 'pcs', '500ml Bottle', 135.00, 195.00, 1, 18, 149, TRUE),
(20, 'Safari Mineral Water', 'BEV-0020', '620100000020', 1, 6, 'pcs', '500ml Bottle', 110.00, 140.00, 1, 12, 155, TRUE),
(21, 'Kijani Iced Tea', 'BEV-0021', '620100000021', 1, 1, 'pcs', '500ml Bottle', 45.00, 65.00, 1, 19, 98, TRUE),
(22, 'Jambo Energy Drink', 'BEV-0022', '620100000022', 1, 3, 'pcs', '250ml Can', 135.00, 210.00, 1, 14, 144, TRUE),
(23, 'BluePeak Lemon Soda', 'BEV-0023', '620100000023', 1, 4, 'pcs', '500ml Bottle', 140.00, 210.00, 1, 25, 155, TRUE),
(24, 'Safari Flavoured Water', 'BEV-0024', '620100000024', 1, 8, 'pcs', '500ml Bottle', 120.00, 170.00, 1, 26, 115, TRUE),
(25, 'Safari Orange Soda', 'BEV-0025', '620100000025', 1, 4, 'pcs', '300ml Bottle', 60.00, 85.00, 1, 29, 170, TRUE),
(26, 'Kijani Energy Drink', 'BEV-0026', '620100000026', 1, 1, 'pcs', '250ml Can', 40.00, 55.00, 1, 14, 78, TRUE),
(27, 'Kijani Mineral Water', 'BEV-0027', '620100000027', 1, 3, 'pcs', '500ml Bottle', 90.00, 135.00, 1, 18, 144, TRUE),
(28, 'Safari Iced Tea', 'BEV-0028', '620100000028', 1, 2, 'pcs', '500ml Bottle', 145.00, 180.00, 1, 15, 68, TRUE),
(29, 'Metro Juice', 'BEV-0029', '620100000029', 1, 1, 'pcs', '1L Pack', 85.00, 120.00, 1, 15, 33, TRUE),
(30, 'Metro Juice', 'BEV-0030', '620100000030', 1, 8, 'pcs', '1L Pack', 120.00, 185.00, 1, 18, 69, TRUE),
(31, 'BluePeak Lemon Soda', 'BEV-0031', '620100000031', 1, 2, 'pcs', '500ml Bottle', 55.00, 75.00, 1, 26, 39, TRUE),
(32, 'Jambo Soda Cola', 'BEV-0032', '620100000032', 1, 7, 'pcs', '300ml Bottle', 160.00, 190.00, 1, 17, 80, TRUE),
(33, 'BluePeak Iced Tea', 'BEV-0033', '620100000033', 1, 7, 'pcs', '500ml Bottle', 55.00, 80.00, 1, 17, 35, TRUE),
(34, 'BluePeak Soda Cola', 'BEV-0034', '620100000034', 1, 7, 'pcs', '300ml Bottle', 70.00, 90.00, 1, 21, 136, TRUE),
(35, 'BluePeak Flavoured Water', 'BEV-0035', '620100000035', 1, 1, 'pcs', '500ml Bottle', 50.00, 70.00, 1, 30, 34, TRUE),
(36, 'Kijani Mineral Water', 'BEV-0036', '620100000036', 1, 1, 'pcs', '500ml Bottle', 40.00, 55.00, 1, 17, 155, TRUE),
(37, 'Kijani Flavoured Water', 'BEV-0037', '620100000037', 1, 7, 'pcs', '500ml Bottle', 125.00, 195.00, 1, 19, 37, TRUE),
(38, 'Jambo Orange Soda', 'BEV-0038', '620100000038', 1, 7, 'pcs', '300ml Bottle', 70.00, 90.00, 1, 14, 178, TRUE),
(39, 'Metro Flavoured Water', 'BEV-0039', '620100000039', 1, 5, 'pcs', '500ml Bottle', 140.00, 210.00, 1, 19, 100, TRUE),
(40, 'Safari Juice', 'BEV-0040', '620100000040', 1, 1, 'pcs', '1L Pack', 115.00, 165.00, 1, 14, 100, TRUE),
(41, 'Jambo Iced Tea', 'BEV-0041', '620100000041', 1, 4, 'pcs', '500ml Bottle', 185.00, 220.00, 1, 29, 38, TRUE),
(42, 'Metro Flavoured Water', 'BEV-0042', '620100000042', 1, 6, 'pcs', '500ml Bottle', 50.00, 70.00, 1, 19, 37, TRUE),
(43, 'Safari Malted Drink', 'BEV-0043', '620100000043', 1, 1, 'pcs', '330ml Can', 90.00, 120.00, 1, 28, 97, TRUE),
(44, 'Metro Flavoured Water', 'BEV-0044', '620100000044', 1, 2, 'pcs', '500ml Bottle', 135.00, 210.00, 1, 20, 54, TRUE),
(45, 'Jambo Orange Soda', 'BEV-0045', '620100000045', 1, 4, 'pcs', '300ml Bottle', 50.00, 70.00, 1, 22, 73, TRUE),
(46, 'Jambo Malted Drink', 'BEV-0046', '620100000046', 1, 7, 'pcs', '330ml Can', 110.00, 130.00, 1, 14, 33, TRUE),
(47, 'Kijani Malted Drink', 'BEV-0047', '620100000047', 1, 8, 'pcs', '330ml Can', 35.00, 45.00, 1, 17, 87, TRUE),
(48, 'BluePeak Flavoured Water', 'BEV-0048', '620100000048', 1, 1, 'pcs', '500ml Bottle', 95.00, 145.00, 1, 29, 58, TRUE),
(49, 'Jambo Mineral Water', 'BEV-0049', '620100000049', 1, 6, 'pcs', '500ml Bottle', 100.00, 140.00, 1, 21, 30, TRUE),
(50, 'Metro Soda Cola', 'BEV-0050', '620100000050', 1, 7, 'pcs', '300ml Bottle', 55.00, 80.00, 1, 23, 46, TRUE),
(51, 'Safari Lemon Soda', 'BEV-0051', '620100000051', 1, 1, 'pcs', '500ml Bottle', 165.00, 195.00, 1, 25, 65, TRUE),
(52, 'Metro Lemon Soda', 'BEV-0052', '620100000052', 1, 3, 'pcs', '500ml Bottle', 130.00, 180.00, 1, 20, 83, TRUE),
(53, 'BluePeak Orange Soda', 'BEV-0053', '620100000053', 1, 8, 'pcs', '300ml Bottle', 165.00, 200.00, 1, 18, 76, TRUE),
(54, 'Metro Mineral Water', 'BEV-0054', '620100000054', 1, 4, 'pcs', '500ml Bottle', 155.00, 190.00, 1, 12, 77, TRUE),
(55, 'Metro Juice', 'BEV-0055', '620100000055', 1, 7, 'pcs', '1L Pack', 60.00, 95.00, 1, 23, 91, TRUE),
(56, 'Metro Flavoured Water', 'BEV-0056', '620100000056', 1, 5, 'pcs', '500ml Bottle', 135.00, 210.00, 1, 17, 86, TRUE),
(57, 'Kijani Soda Cola', 'BEV-0057', '620100000057', 1, 2, 'pcs', '300ml Bottle', 105.00, 150.00, 1, 25, 100, TRUE),
(58, 'Jambo Juice', 'BEV-0058', '620100000058', 1, 4, 'pcs', '1L Pack', 50.00, 80.00, 1, 12, 131, TRUE),
(59, 'BluePeak Mineral Water', 'BEV-0059', '620100000059', 1, 2, 'pcs', '500ml Bottle', 45.00, 55.00, 1, 22, 104, TRUE),
(60, 'Jambo Malted Drink', 'BEV-0060', '620100000060', 1, 3, 'pcs', '330ml Can', 70.00, 100.00, 1, 21, 123, TRUE),
(61, 'BluePeak Energy Drink', 'BEV-0061', '620100000061', 1, 5, 'pcs', '250ml Can', 115.00, 160.00, 1, 30, 64, TRUE),
(62, 'Jambo Juice', 'BEV-0062', '620100000062', 1, 6, 'pcs', '1L Pack', 130.00, 190.00, 1, 25, 73, TRUE),
(63, 'BluePeak Iced Tea', 'BEV-0063', '620100000063', 1, 2, 'pcs', '500ml Bottle', 80.00, 120.00, 1, 17, 141, TRUE),
(64, 'Jambo Malted Drink', 'BEV-0064', '620100000064', 1, 5, 'pcs', '330ml Can', 120.00, 160.00, 1, 19, 43, TRUE),
(65, 'Safari Energy Drink', 'BEV-0065', '620100000065', 1, 8, 'pcs', '250ml Can', 45.00, 70.00, 1, 14, 141, TRUE),
(66, 'Jambo Juice', 'BEV-0066', '620100000066', 1, 4, 'pcs', '1L Pack', 60.00, 80.00, 1, 24, 146, TRUE),
(67, 'Kijani Lemon Soda', 'BEV-0067', '620100000067', 1, 4, 'pcs', '500ml Bottle', 165.00, 200.00, 1, 25, 47, TRUE),
(68, 'Jambo Lemon Soda', 'BEV-0068', '620100000068', 1, 3, 'pcs', '500ml Bottle', 95.00, 125.00, 1, 26, 51, TRUE),
(69, 'Jambo Iced Tea', 'BEV-0069', '620100000069', 1, 7, 'pcs', '500ml Bottle', 165.00, 220.00, 1, 28, 133, TRUE),
(70, 'BluePeak Flavoured Water', 'BEV-0070', '620100000070', 1, 5, 'pcs', '500ml Bottle', 160.00, 200.00, 1, 26, 141, TRUE),
(71, 'Metro Energy Drink', 'BEV-0071', '620100000071', 1, 5, 'pcs', '250ml Can', 135.00, 180.00, 1, 19, 180, TRUE),
(72, 'Kijani Iced Tea', 'BEV-0072', '620100000072', 1, 2, 'pcs', '500ml Bottle', 115.00, 170.00, 1, 22, 105, TRUE),
(73, 'Safari Lemon Soda', 'BEV-0073', '620100000073', 1, 7, 'pcs', '500ml Bottle', 65.00, 85.00, 1, 14, 74, TRUE),
(74, 'Metro Juice', 'BEV-0074', '620100000074', 1, 7, 'pcs', '1L Pack', 100.00, 140.00, 1, 25, 72, TRUE),
(75, 'Jambo Soda Cola', 'BEV-0075', '620100000075', 1, 7, 'pcs', '300ml Bottle', 70.00, 110.00, 1, 21, 110, TRUE),
(76, 'Jambo Juice', 'BEV-0076', '620100000076', 1, 8, 'pcs', '1L Pack', 130.00, 175.00, 1, 19, 174, TRUE),
(77, 'Metro Energy Drink', 'BEV-0077', '620100000077', 1, 3, 'pcs', '250ml Can', 75.00, 120.00, 1, 24, 106, TRUE),
(78, 'Safari Iced Tea', 'BEV-0078', '620100000078', 1, 1, 'pcs', '500ml Bottle', 160.00, 215.00, 1, 30, 120, TRUE),
(79, 'BluePeak Orange Soda', 'BEV-0079', '620100000079', 1, 7, 'pcs', '300ml Bottle', 50.00, 70.00, 1, 20, 32, TRUE),
(80, 'Safari Mineral Water', 'BEV-0080', '620100000080', 1, 7, 'pcs', '500ml Bottle', 85.00, 125.00, 1, 20, 117, TRUE),
(81, 'Kijani Malted Drink', 'BEV-0081', '620100000081', 1, 4, 'pcs', '330ml Can', 100.00, 125.00, 1, 23, 33, TRUE),
(82, 'Kijani Orange Soda', 'BEV-0082', '620100000082', 1, 3, 'pcs', '300ml Bottle', 145.00, 175.00, 1, 12, 71, TRUE),
(83, 'Safari Energy Drink', 'BEV-0083', '620100000083', 1, 5, 'pcs', '250ml Can', 85.00, 130.00, 1, 26, 75, TRUE),
(84, 'Safari Mineral Water', 'BEV-0084', '620100000084', 1, 5, 'pcs', '500ml Bottle', 125.00, 150.00, 1, 17, 49, TRUE),
(85, 'Jambo Orange Soda', 'BEV-0085', '620100000085', 1, 4, 'pcs', '300ml Bottle', 35.00, 50.00, 1, 24, 116, TRUE),
(86, 'Jambo Orange Soda', 'BEV-0086', '620100000086', 1, 2, 'pcs', '300ml Bottle', 125.00, 165.00, 1, 21, 46, TRUE),
(87, 'Metro Soda Cola', 'BEV-0087', '620100000087', 1, 6, 'pcs', '300ml Bottle', 110.00, 140.00, 1, 28, 37, TRUE),
(88, 'BluePeak Soda Cola', 'BEV-0088', '620100000088', 1, 3, 'pcs', '300ml Bottle', 120.00, 190.00, 1, 26, 112, TRUE),
(89, 'Safari Juice', 'BEV-0089', '620100000089', 1, 8, 'pcs', '1L Pack', 145.00, 175.00, 1, 29, 89, TRUE),
(90, 'BluePeak Iced Tea', 'BEV-0090', '620100000090', 1, 2, 'pcs', '500ml Bottle', 145.00, 190.00, 1, 19, 102, TRUE),
(91, 'BluePeak Malted Drink', 'BEV-0091', '620100000091', 1, 6, 'pcs', '330ml Can', 65.00, 90.00, 1, 24, 176, TRUE),
(92, 'BluePeak Soda Cola', 'BEV-0092', '620100000092', 1, 5, 'pcs', '300ml Bottle', 130.00, 195.00, 1, 23, 74, TRUE),
(93, 'Metro Mineral Water', 'BEV-0093', '620100000093', 1, 1, 'pcs', '500ml Bottle', 155.00, 200.00, 1, 29, 90, TRUE),
(94, 'Safari Flavoured Water', 'BEV-0094', '620100000094', 1, 4, 'pcs', '500ml Bottle', 45.00, 60.00, 1, 29, 145, TRUE),
(95, 'BluePeak Iced Tea', 'BEV-0095', '620100000095', 1, 7, 'pcs', '500ml Bottle', 80.00, 125.00, 1, 19, 95, TRUE),
(96, 'Metro Energy Drink', 'BEV-0096', '620100000096', 1, 6, 'pcs', '250ml Can', 115.00, 160.00, 1, 28, 161, TRUE),
(97, 'Jambo Juice', 'BEV-0097', '620100000097', 1, 5, 'pcs', '1L Pack', 80.00, 105.00, 1, 21, 89, TRUE),
(98, 'Kijani Energy Drink', 'BEV-0098', '620100000098', 1, 4, 'pcs', '250ml Can', 120.00, 170.00, 1, 17, 157, TRUE),
(99, 'BluePeak Energy Drink', 'BEV-0099', '620100000099', 1, 2, 'pcs', '250ml Can', 70.00, 95.00, 1, 21, 154, TRUE),
(100, 'Metro Energy Drink', 'BEV-0100', '620100000100', 1, 3, 'pcs', '250ml Can', 55.00, 85.00, 1, 29, 23, TRUE),
(101, 'Kijani Malted Drink', 'BEV-0101', '620100000101', 1, 2, 'pcs', '330ml Can', 160.00, 215.00, 1, 27, 52, TRUE),
(102, 'Jambo Soda Cola', 'BEV-0102', '620100000102', 1, 1, 'pcs', '300ml Bottle', 70.00, 95.00, 1, 17, 107, TRUE),
(103, 'BluePeak Malted Drink', 'BEV-0103', '620100000103', 1, 1, 'pcs', '330ml Can', 40.00, 65.00, 1, 14, 145, TRUE),
(104, 'Safari Lemon Soda', 'BEV-0104', '620100000104', 1, 2, 'pcs', '500ml Bottle', 155.00, 185.00, 1, 19, 41, TRUE),
(105, 'BluePeak Flavoured Water', 'BEV-0105', '620100000105', 1, 7, 'pcs', '500ml Bottle', 120.00, 150.00, 1, 28, 77, TRUE),
(106, 'BluePeak Iced Tea', 'BEV-0106', '620100000106', 1, 1, 'pcs', '500ml Bottle', 70.00, 95.00, 1, 21, 129, TRUE),
(107, 'Safari Orange Soda', 'BEV-0107', '620100000107', 1, 4, 'pcs', '300ml Bottle', 105.00, 155.00, 1, 17, 40, TRUE),
(108, 'Jambo Lemon Soda', 'BEV-0108', '620100000108', 1, 5, 'pcs', '500ml Bottle', 35.00, 60.00, 1, 27, 135, TRUE),
(109, 'Safari Soda Cola', 'BEV-0109', '620100000109', 1, 4, 'pcs', '300ml Bottle', 65.00, 95.00, 1, 14, 136, TRUE),
(110, 'Jambo Malted Drink', 'BEV-0110', '620100000110', 1, 4, 'pcs', '330ml Can', 135.00, 160.00, 1, 15, 128, TRUE),
(111, 'Metro Lemon Soda', 'BEV-0111', '620100000111', 1, 5, 'pcs', '500ml Bottle', 120.00, 190.00, 1, 21, 62, TRUE),
(112, 'Kijani Iced Tea', 'BEV-0112', '620100000112', 1, 8, 'pcs', '500ml Bottle', 85.00, 125.00, 1, 20, 123, TRUE),
(113, 'Kijani Iced Tea', 'BEV-0113', '620100000113', 1, 1, 'pcs', '500ml Bottle', 125.00, 150.00, 1, 20, 102, TRUE),
(114, 'Safari Orange Soda', 'BEV-0114', '620100000114', 1, 1, 'pcs', '300ml Bottle', 175.00, 215.00, 1, 30, 167, TRUE),
(115, 'Jambo Malted Drink', 'BEV-0115', '620100000115', 1, 8, 'pcs', '330ml Can', 40.00, 50.00, 1, 28, 140, TRUE),
(116, 'Safari Malted Drink', 'BEV-0116', '620100000116', 1, 8, 'pcs', '330ml Can', 160.00, 220.00, 1, 14, 145, TRUE),
(117, 'BluePeak Mineral Water', 'BEV-0117', '620100000117', 1, 7, 'pcs', '500ml Bottle', 80.00, 105.00, 1, 22, 61, TRUE),
(118, 'Metro Iced Tea', 'BEV-0118', '620100000118', 1, 8, 'pcs', '500ml Bottle', 115.00, 160.00, 1, 13, 160, TRUE),
(119, 'Metro Orange Soda', 'BEV-0119', '620100000119', 1, 1, 'pcs', '300ml Bottle', 60.00, 90.00, 1, 28, 123, TRUE),
(120, 'BluePeak Flavoured Water', 'BEV-0120', '620100000120', 1, 8, 'pcs', '500ml Bottle', 75.00, 115.00, 1, 27, 112, TRUE),
(121, 'Cheza Potato Crisps', 'SNA-0001', '620200000001', 2, 8, 'pcs', '50g', 40.00, 65.00, 1, 24, 93, TRUE),
(122, 'Crunchy Cheese Puffs', 'SNA-0002', '620200000002', 2, 5, 'pcs', '45g', 135.00, 175.00, 1, 15, 81, TRUE),
(123, 'Crunchy Pretzels', 'SNA-0003', '620200000003', 2, 2, 'pcs', '60g', 70.00, 110.00, 1, 24, 49, TRUE),
(124, 'Nibble Biscuits', 'SNA-0004', '620200000004', 2, 8, 'pcs', '200g', 115.00, 170.00, 1, 23, 89, TRUE),
(125, 'Cheza Candy Mix', 'SNA-0005', '620200000005', 2, 2, 'pcs', '90g', 60.00, 95.00, 1, 14, 68, TRUE),
(126, 'Nibble Groundnuts', 'SNA-0006', '620200000006', 2, 5, 'pcs', '100g', 60.00, 75.00, 1, 10, 88, TRUE),
(127, 'Tastee Groundnuts', 'SNA-0007', '620200000007', 2, 8, 'pcs', '100g', 90.00, 115.00, 1, 24, 58, TRUE),
(128, 'Safari Popcorn', 'SNA-0008', '620200000008', 2, 4, 'pcs', '80g', 80.00, 110.00, 1, 20, 136, TRUE),
(129, 'Tastee Chocolate Wafer', 'SNA-0009', '620200000009', 2, 6, 'pcs', '100g', 65.00, 80.00, 1, 11, 125, TRUE),
(130, 'Nibble Candy Mix', 'SNA-0010', '620200000010', 2, 1, 'pcs', '90g', 60.00, 80.00, 1, 25, 58, TRUE),
(131, 'Tastee Biscuits', 'SNA-0011', '620200000011', 2, 2, 'pcs', '200g', 120.00, 175.00, 1, 24, 45, TRUE),
(132, 'Nibble Pretzels', 'SNA-0012', '620200000012', 2, 8, 'pcs', '60g', 15.00, 20.00, 1, 12, 59, TRUE),
(133, 'Safari Groundnuts', 'SNA-0013', '620200000013', 2, 7, 'pcs', '100g', 85.00, 120.00, 1, 20, 40, TRUE),
(134, 'Nibble Popcorn', 'SNA-0014', '620200000014', 2, 5, 'pcs', '80g', 100.00, 160.00, 1, 17, 37, TRUE),
(135, 'Crunchy Chocolate Wafer', 'SNA-0015', '620200000015', 2, 3, 'pcs', '100g', 60.00, 90.00, 1, 24, 45, TRUE),
(136, 'Crunchy Groundnuts', 'SNA-0016', '620200000016', 2, 6, 'pcs', '100g', 20.00, 25.00, 1, 21, 95, TRUE),
(137, 'Cheza Cookies', 'SNA-0017', '620200000017', 2, 3, 'pcs', '150g', 45.00, 60.00, 1, 15, 66, TRUE),
(138, 'Tastee Cheese Puffs', 'SNA-0018', '620200000018', 2, 3, 'pcs', '45g', 120.00, 160.00, 1, 25, 81, TRUE),
(139, 'Nibble Chocolate Wafer', 'SNA-0019', '620200000019', 2, 5, 'pcs', '100g', 85.00, 120.00, 1, 24, 22, TRUE),
(140, 'Cheza Pretzels', 'SNA-0020', '620200000020', 2, 5, 'pcs', '60g', 25.00, 30.00, 1, 23, 96, TRUE),
(141, 'Safari Candy Mix', 'SNA-0021', '620200000021', 2, 4, 'pcs', '90g', 35.00, 50.00, 1, 13, 143, TRUE),
(142, 'Tastee Cookies', 'SNA-0022', '620200000022', 2, 7, 'pcs', '150g', 50.00, 75.00, 1, 10, 95, TRUE),
(143, 'Crunchy Groundnuts', 'SNA-0023', '620200000023', 2, 5, 'pcs', '100g', 85.00, 110.00, 1, 25, 32, TRUE),
(144, 'Tastee Chocolate Wafer', 'SNA-0024', '620200000024', 2, 3, 'pcs', '100g', 100.00, 150.00, 1, 18, 68, TRUE),
(145, 'Crunchy Cheese Puffs', 'SNA-0025', '620200000025', 2, 2, 'pcs', '45g', 50.00, 70.00, 1, 14, 113, TRUE),
(146, 'Safari Groundnuts', 'SNA-0026', '620200000026', 2, 5, 'pcs', '100g', 90.00, 140.00, 1, 21, 53, TRUE),
(147, 'Safari Biscuits', 'SNA-0027', '620200000027', 2, 2, 'pcs', '200g', 140.00, 165.00, 1, 20, 95, TRUE),
(148, 'Crunchy Candy Mix', 'SNA-0028', '620200000028', 2, 2, 'pcs', '90g', 40.00, 45.00, 1, 21, 121, TRUE),
(149, 'Crunchy Cookies', 'SNA-0029', '620200000029', 2, 7, 'pcs', '150g', 40.00, 60.00, 1, 18, 114, TRUE),
(150, 'Crunchy Popcorn', 'SNA-0030', '620200000030', 2, 2, 'pcs', '80g', 95.00, 130.00, 1, 17, 103, TRUE),
(151, 'Safari Candy Mix', 'SNA-0031', '620200000031', 2, 5, 'pcs', '90g', 80.00, 125.00, 1, 11, 31, TRUE),
(152, 'Crunchy Candy Mix', 'SNA-0032', '620200000032', 2, 8, 'pcs', '90g', 30.00, 35.00, 1, 22, 54, TRUE),
(153, 'Tastee Popcorn', 'SNA-0033', '620200000033', 2, 2, 'pcs', '80g', 65.00, 85.00, 1, 23, 59, TRUE),
(154, 'Tastee Candy Mix', 'SNA-0034', '620200000034', 2, 4, 'pcs', '90g', 70.00, 85.00, 1, 21, 28, TRUE),
(155, 'Nibble Candy Mix', 'SNA-0035', '620200000035', 2, 6, 'pcs', '90g', 140.00, 170.00, 1, 21, 45, TRUE),
(156, 'Nibble Potato Crisps', 'SNA-0036', '620200000036', 2, 4, 'pcs', '50g', 55.00, 65.00, 1, 12, 136, TRUE),
(157, 'Crunchy Potato Crisps', 'SNA-0037', '620200000037', 2, 2, 'pcs', '50g', 100.00, 145.00, 1, 16, 52, TRUE),
(158, 'Cheza Pretzels', 'SNA-0038', '620200000038', 2, 3, 'pcs', '60g', 95.00, 115.00, 1, 20, 79, TRUE),
(159, 'Safari Potato Crisps', 'SNA-0039', '620200000039', 2, 3, 'pcs', '50g', 100.00, 155.00, 1, 18, 53, TRUE),
(160, 'Crunchy Cheese Puffs', 'SNA-0040', '620200000040', 2, 1, 'pcs', '45g', 30.00, 40.00, 1, 20, 80, TRUE),
(161, 'Safari Biscuits', 'SNA-0041', '620200000041', 2, 8, 'pcs', '200g', 25.00, 30.00, 1, 12, 49, TRUE),
(162, 'Safari Candy Mix', 'SNA-0042', '620200000042', 2, 1, 'pcs', '90g', 65.00, 100.00, 1, 17, 148, TRUE),
(163, 'Safari Pretzels', 'SNA-0043', '620200000043', 2, 7, 'pcs', '60g', 80.00, 95.00, 1, 25, 35, TRUE),
(164, 'Crunchy Cookies', 'SNA-0044', '620200000044', 2, 6, 'pcs', '150g', 85.00, 100.00, 1, 12, 38, TRUE),
(165, 'Crunchy Biscuits', 'SNA-0045', '620200000045', 2, 5, 'pcs', '200g', 30.00, 40.00, 1, 22, 103, TRUE),
(166, 'Tastee Candy Mix', 'SNA-0046', '620200000046', 2, 7, 'pcs', '90g', 75.00, 115.00, 1, 16, 49, TRUE),
(167, 'Cheza Candy Mix', 'SNA-0047', '620200000047', 2, 2, 'pcs', '90g', 70.00, 85.00, 1, 23, 122, TRUE),
(168, 'Nibble Popcorn', 'SNA-0048', '620200000048', 2, 2, 'pcs', '80g', 50.00, 70.00, 1, 25, 59, TRUE),
(169, 'Crunchy Cheese Puffs', 'SNA-0049', '620200000049', 2, 1, 'pcs', '45g', 20.00, 35.00, 1, 14, 115, TRUE),
(170, 'Tastee Pretzels', 'SNA-0050', '620200000050', 2, 1, 'pcs', '60g', 50.00, 75.00, 1, 23, 110, TRUE),
(171, 'Tastee Groundnuts', 'SNA-0051', '620200000051', 2, 3, 'pcs', '100g', 45.00, 70.00, 1, 16, 149, TRUE),
(172, 'Cheza Candy Mix', 'SNA-0052', '620200000052', 2, 5, 'pcs', '90g', 110.00, 155.00, 1, 13, 114, TRUE),
(173, 'Nibble Chocolate Wafer', 'SNA-0053', '620200000053', 2, 1, 'pcs', '100g', 130.00, 155.00, 1, 18, 26, TRUE),
(174, 'Safari Biscuits', 'SNA-0054', '620200000054', 2, 1, 'pcs', '200g', 90.00, 130.00, 1, 21, 106, TRUE),
(175, 'Cheza Biscuits', 'SNA-0055', '620200000055', 2, 2, 'pcs', '200g', 80.00, 110.00, 1, 10, 56, TRUE),
(176, 'Cheza Pretzels', 'SNA-0056', '620200000056', 2, 5, 'pcs', '60g', 60.00, 80.00, 1, 21, 60, TRUE),
(177, 'Tastee Popcorn', 'SNA-0057', '620200000057', 2, 1, 'pcs', '80g', 95.00, 115.00, 1, 15, 59, TRUE),
(178, 'Safari Cheese Puffs', 'SNA-0058', '620200000058', 2, 5, 'pcs', '45g', 65.00, 90.00, 1, 23, 133, TRUE),
(179, 'Tastee Chocolate Wafer', 'SNA-0059', '620200000059', 2, 5, 'pcs', '100g', 30.00, 40.00, 1, 25, 92, TRUE),
(180, 'Cheza Potato Crisps', 'SNA-0060', '620200000060', 2, 5, 'pcs', '50g', 65.00, 85.00, 1, 16, 21, TRUE),
(181, 'Cheza Chocolate Wafer', 'SNA-0061', '620200000061', 2, 8, 'pcs', '100g', 95.00, 140.00, 1, 10, 50, TRUE),
(182, 'Cheza Cookies', 'SNA-0062', '620200000062', 2, 2, 'pcs', '150g', 30.00, 40.00, 1, 21, 78, TRUE),
(183, 'Crunchy Cookies', 'SNA-0063', '620200000063', 2, 7, 'pcs', '150g', 65.00, 90.00, 1, 20, 39, TRUE),
(184, 'Nibble Cookies', 'SNA-0064', '620200000064', 2, 8, 'pcs', '150g', 45.00, 65.00, 1, 15, 103, TRUE),
(185, 'Crunchy Popcorn', 'SNA-0065', '620200000065', 2, 2, 'pcs', '80g', 60.00, 90.00, 1, 22, 131, TRUE),
(186, 'Safari Cookies', 'SNA-0066', '620200000066', 2, 2, 'pcs', '150g', 95.00, 140.00, 1, 12, 63, TRUE),
(187, 'Tastee Pretzels', 'SNA-0067', '620200000067', 2, 4, 'pcs', '60g', 40.00, 50.00, 1, 14, 109, TRUE),
(188, 'Cheza Cheese Puffs', 'SNA-0068', '620200000068', 2, 3, 'pcs', '45g', 40.00, 60.00, 1, 12, 59, TRUE),
(189, 'Nibble Candy Mix', 'SNA-0069', '620200000069', 2, 6, 'pcs', '90g', 110.00, 140.00, 1, 20, 134, TRUE),
(190, 'Nibble Biscuits', 'SNA-0070', '620200000070', 2, 1, 'pcs', '200g', 20.00, 30.00, 1, 18, 97, TRUE),
(191, 'Tastee Popcorn', 'SNA-0071', '620200000071', 2, 6, 'pcs', '80g', 20.00, 30.00, 1, 11, 29, TRUE),
(192, 'Crunchy Groundnuts', 'SNA-0072', '620200000072', 2, 8, 'pcs', '100g', 105.00, 125.00, 1, 22, 43, TRUE),
(193, 'Crunchy Pretzels', 'SNA-0073', '620200000073', 2, 8, 'pcs', '60g', 75.00, 90.00, 1, 20, 68, TRUE),
(194, 'Cheza Pretzels', 'SNA-0074', '620200000074', 2, 3, 'pcs', '60g', 125.00, 175.00, 1, 12, 107, TRUE),
(195, 'Cheza Potato Crisps', 'SNA-0075', '620200000075', 2, 6, 'pcs', '50g', 115.00, 135.00, 1, 21, 60, TRUE),
(196, 'Nibble Groundnuts', 'SNA-0076', '620200000076', 2, 2, 'pcs', '100g', 60.00, 85.00, 1, 20, 33, TRUE),
(197, 'Crunchy Popcorn', 'SNA-0077', '620200000077', 2, 6, 'pcs', '80g', 80.00, 110.00, 1, 14, 84, TRUE),
(198, 'Tastee Cheese Puffs', 'SNA-0078', '620200000078', 2, 3, 'pcs', '45g', 105.00, 125.00, 1, 22, 99, TRUE),
(199, 'Safari Cheese Puffs', 'SNA-0079', '620200000079', 2, 2, 'pcs', '45g', 85.00, 110.00, 1, 14, 104, TRUE),
(200, 'Tastee Cookies', 'SNA-0080', '620200000080', 2, 6, 'pcs', '150g', 55.00, 80.00, 1, 16, 66, TRUE),
(201, 'Cheza Candy Mix', 'SNA-0081', '620200000081', 2, 2, 'pcs', '90g', 35.00, 55.00, 1, 19, 39, TRUE),
(202, 'Tastee Pretzels', 'SNA-0082', '620200000082', 2, 3, 'pcs', '60g', 130.00, 155.00, 1, 20, 29, TRUE),
(203, 'Cheza Cookies', 'SNA-0083', '620200000083', 2, 1, 'pcs', '150g', 35.00, 45.00, 1, 24, 62, TRUE),
(204, 'Safari Cookies', 'SNA-0084', '620200000084', 2, 8, 'pcs', '150g', 90.00, 130.00, 1, 19, 133, TRUE),
(205, 'Tastee Chocolate Wafer', 'SNA-0085', '620200000085', 2, 6, 'pcs', '100g', 50.00, 60.00, 1, 16, 140, TRUE),
(206, 'Nibble Candy Mix', 'SNA-0086', '620200000086', 2, 3, 'pcs', '90g', 115.00, 145.00, 1, 23, 148, TRUE),
(207, 'Tastee Chocolate Wafer', 'SNA-0087', '620200000087', 2, 2, 'pcs', '100g', 25.00, 40.00, 1, 21, 143, TRUE),
(208, 'Crunchy Pretzels', 'SNA-0088', '620200000088', 2, 3, 'pcs', '60g', 50.00, 65.00, 1, 24, 89, TRUE),
(209, 'Crunchy Cookies', 'SNA-0089', '620200000089', 2, 1, 'pcs', '150g', 115.00, 170.00, 1, 21, 135, TRUE),
(210, 'Crunchy Cookies', 'SNA-0090', '620200000090', 2, 6, 'pcs', '150g', 60.00, 85.00, 1, 12, 118, TRUE),
(211, 'Safi Bleach', 'HOU-0001', '620300000001', 3, 3, 'pcs', '1L', 190.00, 295.00, 1, 18, 52, TRUE),
(212, 'Safi Dishwashing Liquid', 'HOU-0002', '620300000002', 3, 8, 'pcs', '750ml', 220.00, 270.00, 1, 18, 27, TRUE),
(213, 'Mwangaza Laundry Soap', 'HOU-0003', '620300000003', 3, 3, 'pcs', '1kg', 55.00, 85.00, 1, 9, 42, TRUE),
(214, 'Mwangaza Mop Refill', 'HOU-0004', '620300000004', 3, 5, 'pcs', '1pc', 280.00, 435.00, 1, 9, 46, TRUE),
(215, 'Safi Detergent Powder', 'HOU-0005', '620300000005', 3, 2, 'pcs', '1kg', 185.00, 240.00, 1, 7, 68, TRUE),
(216, 'Mwangaza Laundry Soap', 'HOU-0006', '620300000006', 3, 3, 'pcs', '1kg', 335.00, 440.00, 1, 17, 40, TRUE),
(217, 'Jikaze Toilet Tissue', 'HOU-0007', '620300000007', 3, 2, 'pcs', '10 Pack', 55.00, 80.00, 1, 8, 63, TRUE),
(218, 'FreshHome Mop Refill', 'HOU-0008', '620300000008', 3, 1, 'pcs', '1pc', 95.00, 125.00, 1, 18, 74, TRUE),
(219, 'Jikaze Surface Cleaner', 'HOU-0009', '620300000009', 3, 1, 'pcs', '500ml', 80.00, 110.00, 1, 10, 57, TRUE),
(220, 'Safi Air Freshener', 'HOU-0010', '620300000010', 3, 6, 'pcs', '300ml', 245.00, 310.00, 1, 18, 23, TRUE),
(221, 'Safi Dishwashing Liquid', 'HOU-0011', '620300000011', 3, 8, 'pcs', '750ml', 220.00, 315.00, 1, 19, 32, TRUE),
(222, 'Sparkle Laundry Soap', 'HOU-0012', '620300000012', 3, 5, 'pcs', '1kg', 395.00, 625.00, 1, 6, 68, TRUE),
(223, 'Safi Bleach', 'HOU-0013', '620300000013', 3, 5, 'pcs', '1L', 500.00, 610.00, 1, 20, 50, TRUE),
(224, 'Jikaze Mop Refill', 'HOU-0014', '620300000014', 3, 4, 'pcs', '1pc', 555.00, 745.00, 1, 6, 42, TRUE),
(225, 'FreshHome Toilet Tissue', 'HOU-0015', '620300000015', 3, 2, 'pcs', '10 Pack', 415.00, 660.00, 1, 10, 52, TRUE),
(226, 'Jikaze Air Freshener', 'HOU-0016', '620300000016', 3, 3, 'pcs', '300ml', 535.00, 675.00, 1, 11, 59, TRUE),
(227, 'Jikaze Laundry Soap', 'HOU-0017', '620300000017', 3, 2, 'pcs', '1kg', 260.00, 325.00, 1, 18, 44, TRUE),
(228, 'Safi Surface Cleaner', 'HOU-0018', '620300000018', 3, 5, 'pcs', '500ml', 315.00, 370.00, 1, 14, 33, TRUE),
(229, 'Safi Air Freshener', 'HOU-0019', '620300000019', 3, 7, 'pcs', '300ml', 105.00, 135.00, 1, 13, 49, TRUE),
(230, 'Jikaze Dishwashing Liquid', 'HOU-0020', '620300000020', 3, 7, 'pcs', '750ml', 200.00, 315.00, 1, 15, 55, TRUE),
(231, 'Safi Toilet Tissue', 'HOU-0021', '620300000021', 3, 3, 'pcs', '10 Pack', 100.00, 130.00, 1, 14, 56, TRUE),
(232, 'Sparkle Bar Soap', 'HOU-0022', '620300000022', 3, 3, 'pcs', '800g', 505.00, 650.00, 1, 6, 66, TRUE),
(233, 'Sparkle Detergent Powder', 'HOU-0023', '620300000023', 3, 1, 'pcs', '1kg', 425.00, 600.00, 1, 15, 59, TRUE),
(234, 'Jikaze Dishwashing Liquid', 'HOU-0024', '620300000024', 3, 3, 'pcs', '750ml', 505.00, 715.00, 1, 15, 19, TRUE),
(235, 'FreshHome Mop Refill', 'HOU-0025', '620300000025', 3, 1, 'pcs', '1pc', 265.00, 345.00, 1, 7, 41, TRUE),
(236, 'Jikaze Dishwashing Liquid', 'HOU-0026', '620300000026', 3, 5, 'pcs', '750ml', 355.00, 425.00, 1, 10, 25, TRUE),
(237, 'Sparkle Laundry Soap', 'HOU-0027', '620300000027', 3, 2, 'pcs', '1kg', 515.00, 750.00, 1, 9, 72, TRUE),
(238, 'Safi Dishwashing Liquid', 'HOU-0028', '620300000028', 3, 6, 'pcs', '750ml', 320.00, 385.00, 1, 7, 66, TRUE),
(239, 'Safi Air Freshener', 'HOU-0029', '620300000029', 3, 3, 'pcs', '300ml', 310.00, 450.00, 1, 19, 48, TRUE),
(240, 'FreshHome Dishwashing Liquid', 'HOU-0030', '620300000030', 3, 3, 'pcs', '750ml', 270.00, 420.00, 1, 18, 35, TRUE),
(241, 'Jikaze Bleach', 'HOU-0031', '620300000031', 3, 3, 'pcs', '1L', 75.00, 100.00, 1, 13, 57, TRUE),
(242, 'Safi Detergent Powder', 'HOU-0032', '620300000032', 3, 7, 'pcs', '1kg', 240.00, 285.00, 1, 14, 71, TRUE),
(243, 'Mwangaza Surface Cleaner', 'HOU-0033', '620300000033', 3, 8, 'pcs', '500ml', 110.00, 130.00, 1, 13, 19, TRUE),
(244, 'FreshHome Mop Refill', 'HOU-0034', '620300000034', 3, 3, 'pcs', '1pc', 135.00, 165.00, 1, 16, 80, TRUE),
(245, 'Jikaze Dishwashing Liquid', 'HOU-0035', '620300000035', 3, 3, 'pcs', '750ml', 340.00, 415.00, 1, 14, 25, TRUE),
(246, 'Sparkle Toilet Tissue', 'HOU-0036', '620300000036', 3, 5, 'pcs', '10 Pack', 160.00, 190.00, 1, 11, 38, TRUE),
(247, 'FreshHome Detergent Powder', 'HOU-0037', '620300000037', 3, 5, 'pcs', '1kg', 175.00, 210.00, 1, 8, 45, TRUE),
(248, 'Safi Mop Refill', 'HOU-0038', '620300000038', 3, 6, 'pcs', '1pc', 275.00, 415.00, 1, 8, 29, TRUE),
(249, 'Safi Bar Soap', 'HOU-0039', '620300000039', 3, 4, 'pcs', '800g', 115.00, 135.00, 1, 16, 43, TRUE),
(250, 'Mwangaza Surface Cleaner', 'HOU-0040', '620300000040', 3, 5, 'pcs', '500ml', 375.00, 510.00, 1, 10, 79, TRUE),
(251, 'Sparkle Laundry Soap', 'HOU-0041', '620300000041', 3, 2, 'pcs', '1kg', 480.00, 620.00, 1, 13, 48, TRUE),
(252, 'Sparkle Bar Soap', 'HOU-0042', '620300000042', 3, 3, 'pcs', '800g', 275.00, 375.00, 1, 11, 36, TRUE),
(253, 'FreshHome Air Freshener', 'HOU-0043', '620300000043', 3, 6, 'pcs', '300ml', 465.00, 570.00, 1, 8, 61, TRUE),
(254, 'Mwangaza Mop Refill', 'HOU-0044', '620300000044', 3, 8, 'pcs', '1pc', 100.00, 150.00, 1, 10, 25, TRUE),
(255, 'Sparkle Bleach', 'HOU-0045', '620300000045', 3, 7, 'pcs', '1L', 100.00, 145.00, 1, 19, 59, TRUE),
(256, 'Sparkle Bleach', 'HOU-0046', '620300000046', 3, 3, 'pcs', '1L', 520.00, 625.00, 1, 9, 50, TRUE),
(257, 'Mwangaza Laundry Soap', 'HOU-0047', '620300000047', 3, 2, 'pcs', '1kg', 325.00, 395.00, 1, 6, 73, TRUE),
(258, 'Mwangaza Surface Cleaner', 'HOU-0048', '620300000048', 3, 1, 'pcs', '500ml', 260.00, 385.00, 1, 6, 55, TRUE),
(259, 'Jikaze Toilet Tissue', 'HOU-0049', '620300000049', 3, 1, 'pcs', '10 Pack', 390.00, 480.00, 1, 10, 70, TRUE),
(260, 'Jikaze Detergent Powder', 'HOU-0050', '620300000050', 3, 7, 'pcs', '1kg', 115.00, 170.00, 1, 18, 56, TRUE),
(261, 'Safi Air Freshener', 'HOU-0051', '620300000051', 3, 5, 'pcs', '300ml', 265.00, 350.00, 1, 11, 34, TRUE),
(262, 'Jikaze Detergent Powder', 'HOU-0052', '620300000052', 3, 2, 'pcs', '1kg', 335.00, 420.00, 1, 19, 45, TRUE),
(263, 'Safi Dishwashing Liquid', 'HOU-0053', '620300000053', 3, 6, 'pcs', '750ml', 275.00, 345.00, 1, 14, 53, TRUE),
(264, 'Sparkle Dishwashing Liquid', 'HOU-0054', '620300000054', 3, 1, 'pcs', '750ml', 345.00, 485.00, 1, 6, 15, TRUE),
(265, 'FreshHome Dishwashing Liquid', 'HOU-0055', '620300000055', 3, 3, 'pcs', '750ml', 460.00, 620.00, 1, 15, 29, TRUE),
(266, 'Mwangaza Air Freshener', 'HOU-0056', '620300000056', 3, 6, 'pcs', '300ml', 210.00, 295.00, 1, 15, 48, TRUE),
(267, 'Mwangaza Mop Refill', 'HOU-0057', '620300000057', 3, 1, 'pcs', '1pc', 340.00, 435.00, 1, 13, 48, TRUE),
(268, 'FreshHome Air Freshener', 'HOU-0058', '620300000058', 3, 1, 'pcs', '300ml', 450.00, 530.00, 1, 18, 49, TRUE),
(269, 'FreshHome Laundry Soap', 'HOU-0059', '620300000059', 3, 1, 'pcs', '1kg', 585.00, 730.00, 1, 17, 39, TRUE),
(270, 'Sparkle Laundry Soap', 'HOU-0060', '620300000060', 3, 4, 'pcs', '1kg', 340.00, 430.00, 1, 8, 58, TRUE),
(271, 'Mwangaza Bar Soap', 'HOU-0061', '620300000061', 3, 6, 'pcs', '800g', 460.00, 715.00, 1, 13, 12, TRUE),
(272, 'Sparkle Surface Cleaner', 'HOU-0062', '620300000062', 3, 8, 'pcs', '500ml', 235.00, 355.00, 1, 18, 74, TRUE),
(273, 'Sparkle Bar Soap', 'HOU-0063', '620300000063', 3, 7, 'pcs', '800g', 320.00, 430.00, 1, 14, 71, TRUE),
(274, 'Sparkle Air Freshener', 'HOU-0064', '620300000064', 3, 5, 'pcs', '300ml', 290.00, 390.00, 1, 11, 79, TRUE),
(275, 'Sparkle Laundry Soap', 'HOU-0065', '620300000065', 3, 5, 'pcs', '1kg', 495.00, 720.00, 1, 9, 48, TRUE),
(276, 'Sparkle Toilet Tissue', 'HOU-0066', '620300000066', 3, 5, 'pcs', '10 Pack', 395.00, 540.00, 1, 11, 71, TRUE),
(277, 'Safi Toilet Tissue', 'HOU-0067', '620300000067', 3, 6, 'pcs', '10 Pack', 345.00, 465.00, 1, 19, 60, TRUE),
(278, 'FreshHome Dishwashing Liquid', 'HOU-0068', '620300000068', 3, 8, 'pcs', '750ml', 90.00, 110.00, 1, 11, 20, TRUE),
(279, 'Jikaze Toilet Tissue', 'HOU-0069', '620300000069', 3, 5, 'pcs', '10 Pack', 180.00, 225.00, 1, 20, 44, TRUE),
(280, 'Safi Dishwashing Liquid', 'HOU-0070', '620300000070', 3, 4, 'pcs', '750ml', 375.00, 495.00, 1, 6, 41, TRUE),
(281, 'Safi Bleach', 'HOU-0071', '620300000071', 3, 3, 'pcs', '1L', 100.00, 145.00, 1, 7, 70, TRUE),
(282, 'Mwangaza Bar Soap', 'HOU-0072', '620300000072', 3, 4, 'pcs', '800g', 480.00, 735.00, 1, 13, 70, TRUE),
(283, 'FreshHome Toilet Tissue', 'HOU-0073', '620300000073', 3, 4, 'pcs', '10 Pack', 170.00, 270.00, 1, 16, 21, TRUE),
(284, 'Safi Mop Refill', 'HOU-0074', '620300000074', 3, 1, 'pcs', '1pc', 455.00, 690.00, 1, 20, 32, TRUE),
(285, 'Jikaze Surface Cleaner', 'HOU-0075', '620300000075', 3, 1, 'pcs', '500ml', 160.00, 205.00, 1, 20, 47, TRUE),
(286, 'FreshHome Bar Soap', 'HOU-0076', '620300000076', 3, 8, 'pcs', '800g', 295.00, 460.00, 1, 10, 52, TRUE),
(287, 'Mwangaza Mop Refill', 'HOU-0077', '620300000077', 3, 5, 'pcs', '1pc', 345.00, 410.00, 1, 13, 74, TRUE),
(288, 'Safi Bleach', 'HOU-0078', '620300000078', 3, 3, 'pcs', '1L', 235.00, 300.00, 1, 17, 42, TRUE),
(289, 'FreshHome Bar Soap', 'HOU-0079', '620300000079', 3, 7, 'pcs', '800g', 460.00, 610.00, 1, 8, 34, TRUE),
(290, 'Mwangaza Surface Cleaner', 'HOU-0080', '620300000080', 3, 3, 'pcs', '500ml', 215.00, 300.00, 1, 8, 22, TRUE),
(291, 'FreshHome Laundry Soap', 'HOU-0081', '620300000081', 3, 8, 'pcs', '1kg', 440.00, 705.00, 1, 9, 59, TRUE),
(292, 'FreshHome Toilet Tissue', 'HOU-0082', '620300000082', 3, 6, 'pcs', '10 Pack', 220.00, 280.00, 1, 10, 11, TRUE),
(293, 'Safi Bleach', 'HOU-0083', '620300000083', 3, 5, 'pcs', '1L', 380.00, 525.00, 1, 12, 30, TRUE),
(294, 'FreshHome Detergent Powder', 'HOU-0084', '620300000084', 3, 3, 'pcs', '1kg', 220.00, 325.00, 1, 13, 27, TRUE),
(295, 'Mwangaza Laundry Soap', 'HOU-0085', '620300000085', 3, 4, 'pcs', '1kg', 260.00, 330.00, 1, 18, 70, TRUE),
(296, 'Mwangaza Bleach', 'HOU-0086', '620300000086', 3, 6, 'pcs', '1L', 425.00, 665.00, 1, 14, 67, TRUE),
(297, 'Mwangaza Detergent Powder', 'HOU-0087', '620300000087', 3, 3, 'pcs', '1kg', 125.00, 155.00, 1, 9, 74, TRUE),
(298, 'FreshHome Dishwashing Liquid', 'HOU-0088', '620300000088', 3, 8, 'pcs', '750ml', 475.00, 655.00, 1, 17, 36, TRUE),
(299, 'Mwangaza Detergent Powder', 'HOU-0089', '620300000089', 3, 7, 'pcs', '1kg', 240.00, 380.00, 1, 14, 26, TRUE),
(300, 'Mwangaza Laundry Soap', 'HOU-0090', '620300000090', 3, 1, 'pcs', '1kg', 85.00, 120.00, 1, 17, 49, TRUE),
(301, 'SoftTouch Sanitary Pads', 'PER-0001', '620400000001', 4, 7, 'pcs', '10 Pack', 425.00, 535.00, 1, 6, 19, TRUE),
(302, 'PureGlow Petroleum Jelly', 'PER-0002', '620400000002', 4, 1, 'pcs', '250g', 235.00, 370.00, 1, 13, 18, TRUE),
(303, 'FreshUp Deodorant', 'PER-0003', '620400000003', 4, 7, 'pcs', '150ml', 95.00, 145.00, 1, 11, 63, TRUE),
(304, 'FreshUp Shaving Razor', 'PER-0004', '620400000004', 4, 6, 'pcs', '3 Pack', 205.00, 265.00, 1, 8, 79, TRUE),
(305, 'AfyaCare Shampoo', 'PER-0005', '620400000005', 4, 4, 'pcs', '500ml', 460.00, 645.00, 1, 17, 26, TRUE),
(306, 'PureGlow Body Lotion', 'PER-0006', '620400000006', 4, 7, 'pcs', '400ml', 460.00, 635.00, 1, 12, 79, TRUE),
(307, 'AfyaCare Toothbrush', 'PER-0007', '620400000007', 4, 2, 'pcs', '1pc', 210.00, 320.00, 1, 17, 34, TRUE),
(308, 'FreshUp Body Lotion', 'PER-0008', '620400000008', 4, 4, 'pcs', '400ml', 345.00, 415.00, 1, 9, 12, TRUE),
(309, 'PureGlow Shampoo', 'PER-0009', '620400000009', 4, 1, 'pcs', '500ml', 290.00, 400.00, 1, 9, 16, TRUE),
(310, 'FreshUp Sanitary Pads', 'PER-0010', '620400000010', 4, 5, 'pcs', '10 Pack', 120.00, 180.00, 1, 8, 17, TRUE),
(311, 'Nuru Toothbrush', 'PER-0011', '620400000011', 4, 5, 'pcs', '1pc', 175.00, 230.00, 1, 9, 51, TRUE),
(312, 'Nuru Toothpaste', 'PER-0012', '620400000012', 4, 3, 'pcs', '150g', 115.00, 170.00, 1, 14, 17, TRUE),
(313, 'Nuru Sanitary Pads', 'PER-0013', '620400000013', 4, 6, 'pcs', '10 Pack', 285.00, 340.00, 1, 18, 58, TRUE),
(314, 'FreshUp Sanitary Pads', 'PER-0014', '620400000014', 4, 4, 'pcs', '10 Pack', 90.00, 125.00, 1, 13, 78, TRUE),
(315, 'SoftTouch Toothbrush', 'PER-0015', '620400000015', 4, 7, 'pcs', '1pc', 365.00, 560.00, 1, 6, 69, TRUE),
(316, 'Nuru Sanitary Pads', 'PER-0016', '620400000016', 4, 6, 'pcs', '10 Pack', 255.00, 360.00, 1, 9, 42, TRUE),
(317, 'FreshUp Shampoo', 'PER-0017', '620400000017', 4, 5, 'pcs', '500ml', 355.00, 555.00, 1, 6, 34, TRUE),
(318, 'Nuru Sanitary Pads', 'PER-0018', '620400000018', 4, 4, 'pcs', '10 Pack', 330.00, 405.00, 1, 18, 34, TRUE),
(319, 'AfyaCare Shaving Razor', 'PER-0019', '620400000019', 4, 4, 'pcs', '3 Pack', 395.00, 570.00, 1, 9, 11, TRUE),
(320, 'FreshUp Shampoo', 'PER-0020', '620400000020', 4, 4, 'pcs', '500ml', 465.00, 595.00, 1, 12, 36, TRUE),
(321, 'SoftTouch Bath Sponge', 'PER-0021', '620400000021', 4, 6, 'pcs', '1pc', 360.00, 510.00, 1, 16, 78, TRUE),
(322, 'SoftTouch Deodorant', 'PER-0022', '620400000022', 4, 8, 'pcs', '150ml', 210.00, 255.00, 1, 7, 69, TRUE),
(323, 'AfyaCare Petroleum Jelly', 'PER-0023', '620400000023', 4, 3, 'pcs', '250g', 190.00, 265.00, 1, 17, 38, TRUE),
(324, 'SoftTouch Body Lotion', 'PER-0024', '620400000024', 4, 3, 'pcs', '400ml', 285.00, 375.00, 1, 10, 63, TRUE),
(325, 'SoftTouch Toothbrush', 'PER-0025', '620400000025', 4, 6, 'pcs', '1pc', 130.00, 175.00, 1, 13, 41, TRUE),
(326, 'FreshUp Deodorant', 'PER-0026', '620400000026', 4, 3, 'pcs', '150ml', 485.00, 630.00, 1, 13, 72, TRUE),
(327, 'AfyaCare Petroleum Jelly', 'PER-0027', '620400000027', 4, 1, 'pcs', '250g', 90.00, 120.00, 1, 14, 33, TRUE),
(328, 'PureGlow Bath Sponge', 'PER-0028', '620400000028', 4, 1, 'pcs', '1pc', 350.00, 550.00, 1, 18, 16, TRUE),
(329, 'AfyaCare Sanitary Pads', 'PER-0029', '620400000029', 4, 4, 'pcs', '10 Pack', 375.00, 555.00, 1, 6, 29, TRUE),
(330, 'FreshUp Bath Sponge', 'PER-0030', '620400000030', 4, 8, 'pcs', '1pc', 200.00, 265.00, 1, 16, 71, TRUE),
(331, 'PureGlow Body Lotion', 'PER-0031', '620400000031', 4, 5, 'pcs', '400ml', 255.00, 360.00, 1, 14, 12, TRUE),
(332, 'SoftTouch Bath Sponge', 'PER-0032', '620400000032', 4, 3, 'pcs', '1pc', 35.00, 45.00, 1, 18, 65, TRUE),
(333, 'PureGlow Shampoo', 'PER-0033', '620400000033', 4, 6, 'pcs', '500ml', 240.00, 355.00, 1, 10, 77, TRUE),
(334, 'FreshUp Deodorant', 'PER-0034', '620400000034', 4, 4, 'pcs', '150ml', 70.00, 85.00, 1, 15, 68, TRUE),
(335, 'SoftTouch Toothbrush', 'PER-0035', '620400000035', 4, 7, 'pcs', '1pc', 370.00, 455.00, 1, 7, 14, TRUE),
(336, 'FreshUp Sanitary Pads', 'PER-0036', '620400000036', 4, 3, 'pcs', '10 Pack', 235.00, 375.00, 1, 17, 11, TRUE),
(337, 'FreshUp Shampoo', 'PER-0037', '620400000037', 4, 2, 'pcs', '500ml', 425.00, 555.00, 1, 15, 52, TRUE),
(338, 'PureGlow Bath Sponge', 'PER-0038', '620400000038', 4, 1, 'pcs', '1pc', 145.00, 175.00, 1, 10, 70, TRUE),
(339, 'SoftTouch Shampoo', 'PER-0039', '620400000039', 4, 6, 'pcs', '500ml', 440.00, 590.00, 1, 8, 14, TRUE),
(340, 'AfyaCare Body Lotion', 'PER-0040', '620400000040', 4, 5, 'pcs', '400ml', 315.00, 395.00, 1, 7, 60, TRUE),
(341, 'Nuru Toothpaste', 'PER-0041', '620400000041', 4, 6, 'pcs', '150g', 150.00, 185.00, 1, 16, 59, TRUE),
(342, 'AfyaCare Sanitary Pads', 'PER-0042', '620400000042', 4, 6, 'pcs', '10 Pack', 405.00, 520.00, 1, 14, 20, TRUE),
(343, 'PureGlow Body Lotion', 'PER-0043', '620400000043', 4, 7, 'pcs', '400ml', 250.00, 305.00, 1, 15, 53, TRUE),
(344, 'PureGlow Petroleum Jelly', 'PER-0044', '620400000044', 4, 4, 'pcs', '250g', 340.00, 425.00, 1, 13, 67, TRUE),
(345, 'Nuru Petroleum Jelly', 'PER-0045', '620400000045', 4, 5, 'pcs', '250g', 440.00, 615.00, 1, 7, 58, TRUE),
(346, 'PureGlow Toothbrush', 'PER-0046', '620400000046', 4, 7, 'pcs', '1pc', 55.00, 85.00, 1, 17, 29, TRUE),
(347, 'SoftTouch Petroleum Jelly', 'PER-0047', '620400000047', 4, 6, 'pcs', '250g', 60.00, 100.00, 1, 13, 49, TRUE),
(348, 'PureGlow Deodorant', 'PER-0048', '620400000048', 4, 7, 'pcs', '150ml', 75.00, 115.00, 1, 14, 67, TRUE),
(349, 'PureGlow Shampoo', 'PER-0049', '620400000049', 4, 1, 'pcs', '500ml', 65.00, 90.00, 1, 12, 51, TRUE),
(350, 'FreshUp Deodorant', 'PER-0050', '620400000050', 4, 3, 'pcs', '150ml', 175.00, 275.00, 1, 15, 41, TRUE),
(351, 'AfyaCare Sanitary Pads', 'PER-0051', '620400000051', 4, 2, 'pcs', '10 Pack', 85.00, 120.00, 1, 8, 73, TRUE),
(352, 'FreshUp Toothpaste', 'PER-0052', '620400000052', 4, 5, 'pcs', '150g', 140.00, 205.00, 1, 11, 19, TRUE),
(353, 'FreshUp Toothbrush', 'PER-0053', '620400000053', 4, 5, 'pcs', '1pc', 265.00, 400.00, 1, 8, 23, TRUE),
(354, 'FreshUp Body Lotion', 'PER-0054', '620400000054', 4, 6, 'pcs', '400ml', 185.00, 240.00, 1, 13, 52, TRUE),
(355, 'Nuru Sanitary Pads', 'PER-0055', '620400000055', 4, 6, 'pcs', '10 Pack', 85.00, 120.00, 1, 13, 35, TRUE),
(356, 'FreshUp Toothpaste', 'PER-0056', '620400000056', 4, 4, 'pcs', '150g', 435.00, 630.00, 1, 15, 72, TRUE),
(357, 'FreshUp Petroleum Jelly', 'PER-0057', '620400000057', 4, 4, 'pcs', '250g', 165.00, 205.00, 1, 7, 56, TRUE),
(358, 'AfyaCare Bath Sponge', 'PER-0058', '620400000058', 4, 4, 'pcs', '1pc', 340.00, 455.00, 1, 17, 69, TRUE),
(359, 'SoftTouch Shaving Razor', 'PER-0059', '620400000059', 4, 8, 'pcs', '3 Pack', 345.00, 545.00, 1, 16, 62, TRUE),
(360, 'SoftTouch Toothpaste', 'PER-0060', '620400000060', 4, 7, 'pcs', '150g', 145.00, 185.00, 1, 18, 64, TRUE),
(361, 'FreshUp Shampoo', 'PER-0061', '620400000061', 4, 7, 'pcs', '500ml', 470.00, 645.00, 1, 14, 61, TRUE),
(362, 'PureGlow Bath Sponge', 'PER-0062', '620400000062', 4, 2, 'pcs', '1pc', 365.00, 520.00, 1, 15, 78, TRUE),
(363, 'AfyaCare Shampoo', 'PER-0063', '620400000063', 4, 7, 'pcs', '500ml', 310.00, 440.00, 1, 15, 15, TRUE),
(364, 'FreshUp Petroleum Jelly', 'PER-0064', '620400000064', 4, 4, 'pcs', '250g', 65.00, 100.00, 1, 14, 38, TRUE),
(365, 'SoftTouch Shaving Razor', 'PER-0065', '620400000065', 4, 6, 'pcs', '3 Pack', 220.00, 275.00, 1, 8, 74, TRUE),
(366, 'FreshUp Body Lotion', 'PER-0066', '620400000066', 4, 3, 'pcs', '400ml', 70.00, 100.00, 1, 7, 20, TRUE),
(367, 'SoftTouch Petroleum Jelly', 'PER-0067', '620400000067', 4, 6, 'pcs', '250g', 195.00, 245.00, 1, 13, 76, TRUE),
(368, 'PureGlow Shaving Razor', 'PER-0068', '620400000068', 4, 5, 'pcs', '3 Pack', 240.00, 305.00, 1, 7, 50, TRUE),
(369, 'PureGlow Body Lotion', 'PER-0069', '620400000069', 4, 3, 'pcs', '400ml', 35.00, 50.00, 1, 16, 23, TRUE),
(370, 'Nuru Toothbrush', 'PER-0070', '620400000070', 4, 4, 'pcs', '1pc', 90.00, 140.00, 1, 13, 64, TRUE),
(371, 'AfyaCare Sanitary Pads', 'PER-0071', '620400000071', 4, 4, 'pcs', '10 Pack', 115.00, 150.00, 1, 6, 60, TRUE),
(372, 'Nuru Shaving Razor', 'PER-0072', '620400000072', 4, 5, 'pcs', '3 Pack', 185.00, 300.00, 1, 9, 37, TRUE),
(373, 'Nuru Shampoo', 'PER-0073', '620400000073', 4, 6, 'pcs', '500ml', 80.00, 100.00, 1, 11, 33, TRUE),
(374, 'FreshUp Toothbrush', 'PER-0074', '620400000074', 4, 6, 'pcs', '1pc', 80.00, 105.00, 1, 14, 72, TRUE),
(375, 'Nuru Sanitary Pads', 'PER-0075', '620400000075', 4, 3, 'pcs', '10 Pack', 180.00, 275.00, 1, 13, 55, TRUE),
(376, 'Nuru Deodorant', 'PER-0076', '620400000076', 4, 4, 'pcs', '150ml', 310.00, 400.00, 1, 7, 50, TRUE),
(377, 'PureGlow Deodorant', 'PER-0077', '620400000077', 4, 7, 'pcs', '150ml', 115.00, 150.00, 1, 12, 75, TRUE),
(378, 'Nuru Toothpaste', 'PER-0078', '620400000078', 4, 3, 'pcs', '150g', 180.00, 270.00, 1, 17, 78, TRUE),
(379, 'AfyaCare Bath Sponge', 'PER-0079', '620400000079', 4, 1, 'pcs', '1pc', 220.00, 335.00, 1, 13, 50, TRUE),
(380, 'PureGlow Petroleum Jelly', 'PER-0080', '620400000080', 4, 8, 'pcs', '250g', 225.00, 335.00, 1, 14, 59, TRUE),
(381, 'StrongFix Extension Cable', 'HAR-0001', '620500000001', 5, 2, 'pcs', '5m', 975.00, 1200.00, 1, 6, 36, TRUE),
(382, 'Jenga Cement', 'HAR-0002', '620500000002', 5, 3, 'pcs', '50kg', 590.00, 860.00, 1, 8, 39, TRUE),
(383, 'MetroBuild LED Bulb', 'HAR-0003', '620500000003', 5, 2, 'pcs', '12W', 1670.00, 2095.00, 1, 12, 40, TRUE),
(384, 'Rafiki Roofing Nail', 'HAR-0004', '620500000004', 5, 1, 'pcs', '1kg', 1770.00, 2185.00, 1, 12, 28, TRUE),
(385, 'MetroBuild LED Bulb', 'HAR-0005', '620500000005', 5, 5, 'pcs', '12W', 475.00, 660.00, 1, 7, 46, TRUE),
(386, 'StrongFix Cement', 'HAR-0006', '620500000006', 5, 2, 'pcs', '50kg', 640.00, 780.00, 1, 11, 10, TRUE),
(387, 'Jenga PVC Pipe', 'HAR-0007', '620500000007', 5, 3, 'pcs', '1 inch', 1720.00, 2280.00, 1, 10, 27, TRUE),
(388, 'Jenga Padlock', 'HAR-0008', '620500000008', 5, 5, 'pcs', '50mm', 1845.00, 2290.00, 1, 9, 41, TRUE),
(389, 'Jenga Hammer', 'HAR-0009', '620500000009', 5, 2, 'pcs', '1pc', 740.00, 945.00, 1, 8, 23, TRUE),
(390, 'StrongFix Padlock', 'HAR-0010', '620500000010', 5, 3, 'pcs', '50mm', 2185.00, 2575.00, 1, 6, 46, TRUE),
(391, 'Jenga PVC Pipe', 'HAR-0011', '620500000011', 5, 8, 'pcs', '1 inch', 1630.00, 2010.00, 1, 10, 48, TRUE),
(392, 'MetroBuild Padlock', 'HAR-0012', '620500000012', 5, 2, 'pcs', '50mm', 1370.00, 1795.00, 1, 11, 29, TRUE),
(393, 'StrongFix Roofing Nail', 'HAR-0013', '620500000013', 5, 8, 'pcs', '1kg', 1010.00, 1475.00, 1, 11, 28, TRUE),
(394, 'MetroBuild Switch Socket', 'HAR-0014', '620500000014', 5, 6, 'pcs', '13A', 50.00, 65.00, 1, 11, 10, TRUE),
(395, 'MetroBuild Roofing Nail', 'HAR-0015', '620500000015', 5, 5, 'pcs', '1kg', 970.00, 1150.00, 1, 11, 18, TRUE),
(396, 'Rafiki Switch Socket', 'HAR-0016', '620500000016', 5, 6, 'pcs', '13A', 740.00, 985.00, 1, 11, 41, TRUE),
(397, 'BuildPro Cement', 'HAR-0017', '620500000017', 5, 2, 'pcs', '50kg', 270.00, 335.00, 1, 4, 34, TRUE),
(398, 'StrongFix Padlock', 'HAR-0018', '620500000018', 5, 3, 'pcs', '50mm', 1110.00, 1310.00, 1, 7, 32, TRUE),
(399, 'Jenga Paint Brush', 'HAR-0019', '620500000019', 5, 5, 'pcs', '4 inch', 2015.00, 2455.00, 1, 9, 10, TRUE),
(400, 'Rafiki Roofing Nail', 'HAR-0020', '620500000020', 5, 5, 'pcs', '1kg', 1445.00, 1880.00, 1, 10, 8, TRUE),
(401, 'StrongFix PVC Pipe', 'HAR-0021', '620500000021', 5, 8, 'pcs', '1 inch', 1450.00, 1855.00, 1, 7, 5, TRUE),
(402, 'Jenga Roofing Nail', 'HAR-0022', '620500000022', 5, 1, 'pcs', '1kg', 1245.00, 1685.00, 1, 4, 33, TRUE),
(403, 'BuildPro Switch Socket', 'HAR-0023', '620500000023', 5, 2, 'pcs', '13A', 1985.00, 2770.00, 1, 11, 13, TRUE),
(404, 'StrongFix PVC Pipe', 'HAR-0024', '620500000024', 5, 6, 'pcs', '1 inch', 245.00, 305.00, 1, 9, 11, TRUE),
(405, 'Jenga Paint Brush', 'HAR-0025', '620500000025', 5, 2, 'pcs', '4 inch', 895.00, 1110.00, 1, 6, 13, TRUE),
(406, 'MetroBuild Hammer', 'HAR-0026', '620500000026', 5, 4, 'pcs', '1pc', 65.00, 85.00, 1, 9, 33, TRUE),
(407, 'StrongFix Padlock', 'HAR-0027', '620500000027', 5, 2, 'pcs', '50mm', 1265.00, 1750.00, 1, 5, 18, TRUE),
(408, 'BuildPro Padlock', 'HAR-0028', '620500000028', 5, 3, 'pcs', '50mm', 1185.00, 1675.00, 1, 9, 32, TRUE),
(409, 'Rafiki PVC Pipe', 'HAR-0029', '620500000029', 5, 1, 'pcs', '1 inch', 1235.00, 1825.00, 1, 8, 43, TRUE),
(410, 'Jenga Paint Brush', 'HAR-0030', '620500000030', 5, 1, 'pcs', '4 inch', 1090.00, 1480.00, 1, 8, 30, TRUE),
(411, 'StrongFix PVC Pipe', 'HAR-0031', '620500000031', 5, 1, 'pcs', '1 inch', 755.00, 1115.00, 1, 5, 45, TRUE),
(412, 'Rafiki Switch Socket', 'HAR-0032', '620500000032', 5, 6, 'pcs', '13A', 345.00, 420.00, 1, 10, 41, TRUE),
(413, 'Jenga Hammer', 'HAR-0033', '620500000033', 5, 2, 'pcs', '1pc', 1805.00, 2150.00, 1, 4, 9, TRUE),
(414, 'Rafiki Cement', 'HAR-0034', '620500000034', 5, 5, 'pcs', '50kg', 540.00, 650.00, 1, 12, 30, TRUE),
(415, 'StrongFix Hammer', 'HAR-0035', '620500000035', 5, 3, 'pcs', '1pc', 870.00, 1220.00, 1, 12, 45, TRUE),
(416, 'BuildPro Paint Brush', 'HAR-0036', '620500000036', 5, 6, 'pcs', '4 inch', 670.00, 910.00, 1, 6, 18, TRUE),
(417, 'MetroBuild Extension Cable', 'HAR-0037', '620500000037', 5, 5, 'pcs', '5m', 1460.00, 1800.00, 1, 5, 48, TRUE),
(418, 'Jenga Extension Cable', 'HAR-0038', '620500000038', 5, 8, 'pcs', '5m', 140.00, 220.00, 1, 5, 32, TRUE),
(419, 'Rafiki Cement', 'HAR-0039', '620500000039', 5, 1, 'pcs', '50kg', 1455.00, 1885.00, 1, 5, 16, TRUE),
(420, 'BuildPro Padlock', 'HAR-0040', '620500000040', 5, 5, 'pcs', '50mm', 430.00, 510.00, 1, 12, 38, TRUE),
(421, 'Rafiki Padlock', 'HAR-0041', '620500000041', 5, 1, 'pcs', '50mm', 330.00, 410.00, 1, 5, 22, TRUE),
(422, 'StrongFix Switch Socket', 'HAR-0042', '620500000042', 5, 8, 'pcs', '13A', 510.00, 805.00, 1, 5, 50, TRUE),
(423, 'MetroBuild LED Bulb', 'HAR-0043', '620500000043', 5, 6, 'pcs', '12W', 770.00, 1045.00, 1, 6, 41, TRUE),
(424, 'Rafiki Padlock', 'HAR-0044', '620500000044', 5, 4, 'pcs', '50mm', 1800.00, 2180.00, 1, 5, 48, TRUE),
(425, 'BuildPro Hammer', 'HAR-0045', '620500000045', 5, 8, 'pcs', '1pc', 145.00, 180.00, 1, 4, 20, TRUE),
(426, 'StrongFix Switch Socket', 'HAR-0046', '620500000046', 5, 7, 'pcs', '13A', 1705.00, 2580.00, 1, 12, 7, TRUE),
(427, 'Rafiki PVC Pipe', 'HAR-0047', '620500000047', 5, 2, 'pcs', '1 inch', 615.00, 740.00, 1, 8, 25, TRUE),
(428, 'BuildPro Switch Socket', 'HAR-0048', '620500000048', 5, 1, 'pcs', '13A', 1185.00, 1435.00, 1, 7, 16, TRUE),
(429, 'BuildPro Extension Cable', 'HAR-0049', '620500000049', 5, 2, 'pcs', '5m', 2020.00, 2465.00, 1, 9, 24, TRUE),
(430, 'StrongFix Hammer', 'HAR-0050', '620500000050', 5, 4, 'pcs', '1pc', 55.00, 80.00, 1, 8, 41, TRUE),
(431, 'Rafiki LED Bulb', 'HAR-0051', '620500000051', 5, 4, 'pcs', '12W', 1230.00, 1680.00, 1, 12, 17, TRUE),
(432, 'BuildPro Padlock', 'HAR-0052', '620500000052', 5, 1, 'pcs', '50mm', 1635.00, 2615.00, 1, 9, 39, TRUE),
(433, 'BuildPro Switch Socket', 'HAR-0053', '620500000053', 5, 4, 'pcs', '13A', 1510.00, 2140.00, 1, 5, 24, TRUE),
(434, 'Jenga Hammer', 'HAR-0054', '620500000054', 5, 2, 'pcs', '1pc', 1020.00, 1210.00, 1, 8, 14, TRUE),
(435, 'Jenga Cement', 'HAR-0055', '620500000055', 5, 8, 'pcs', '50kg', 1865.00, 2520.00, 1, 9, 49, TRUE),
(436, 'MetroBuild Roofing Nail', 'HAR-0056', '620500000056', 5, 1, 'pcs', '1kg', 210.00, 320.00, 1, 5, 30, TRUE),
(437, 'Jenga Extension Cable', 'HAR-0057', '620500000057', 5, 6, 'pcs', '5m', 485.00, 710.00, 1, 10, 25, TRUE),
(438, 'StrongFix Switch Socket', 'HAR-0058', '620500000058', 5, 2, 'pcs', '13A', 515.00, 805.00, 1, 6, 17, TRUE),
(439, 'BuildPro Padlock', 'HAR-0059', '620500000059', 5, 6, 'pcs', '50mm', 370.00, 510.00, 1, 5, 31, TRUE),
(440, 'StrongFix PVC Pipe', 'HAR-0060', '620500000060', 5, 3, 'pcs', '1 inch', 615.00, 905.00, 1, 5, 12, TRUE),
(441, 'MetroBuild Paint Brush', 'HAR-0061', '620500000061', 5, 2, 'pcs', '4 inch', 140.00, 170.00, 1, 6, 25, TRUE),
(442, 'Rafiki PVC Pipe', 'HAR-0062', '620500000062', 5, 3, 'pcs', '1 inch', 725.00, 1145.00, 1, 8, 24, TRUE),
(443, 'StrongFix Cement', 'HAR-0063', '620500000063', 5, 2, 'pcs', '50kg', 1795.00, 2400.00, 1, 7, 40, TRUE),
(444, 'BuildPro LED Bulb', 'HAR-0064', '620500000064', 5, 4, 'pcs', '12W', 1475.00, 2265.00, 1, 4, 5, TRUE),
(445, 'Jenga Padlock', 'HAR-0065', '620500000065', 5, 5, 'pcs', '50mm', 1635.00, 2315.00, 1, 5, 45, TRUE),
(446, 'BuildPro Roofing Nail', 'HAR-0066', '620500000066', 5, 3, 'pcs', '1kg', 1855.00, 2790.00, 1, 11, 46, TRUE),
(447, 'Rafiki Roofing Nail', 'HAR-0067', '620500000067', 5, 7, 'pcs', '1kg', 330.00, 395.00, 1, 6, 8, TRUE),
(448, 'StrongFix Extension Cable', 'HAR-0068', '620500000068', 5, 4, 'pcs', '5m', 110.00, 140.00, 1, 9, 16, TRUE),
(449, 'Rafiki Padlock', 'HAR-0069', '620500000069', 5, 5, 'pcs', '50mm', 680.00, 825.00, 1, 7, 7, TRUE),
(450, 'StrongFix LED Bulb', 'HAR-0070', '620500000070', 5, 7, 'pcs', '12W', 1810.00, 2480.00, 1, 8, 10, TRUE),
(451, 'StrongFix Padlock', 'HAR-0071', '620500000071', 5, 1, 'pcs', '50mm', 500.00, 605.00, 1, 7, 38, TRUE),
(452, 'Rafiki Extension Cable', 'HAR-0072', '620500000072', 5, 6, 'pcs', '5m', 1100.00, 1375.00, 1, 12, 27, TRUE),
(453, 'Rafiki Extension Cable', 'HAR-0073', '620500000073', 5, 5, 'pcs', '5m', 385.00, 555.00, 1, 4, 19, TRUE),
(454, 'StrongFix Cement', 'HAR-0074', '620500000074', 5, 2, 'pcs', '50kg', 1205.00, 1510.00, 1, 6, 19, TRUE),
(455, 'Jenga PVC Pipe', 'HAR-0075', '620500000075', 5, 7, 'pcs', '1 inch', 640.00, 790.00, 1, 7, 8, TRUE),
(456, 'Jenga Switch Socket', 'HAR-0076', '620500000076', 5, 1, 'pcs', '13A', 410.00, 545.00, 1, 9, 49, TRUE),
(457, 'MetroBuild Switch Socket', 'HAR-0077', '620500000077', 5, 5, 'pcs', '13A', 1205.00, 1605.00, 1, 11, 17, TRUE),
(458, 'StrongFix Padlock', 'HAR-0078', '620500000078', 5, 1, 'pcs', '50mm', 105.00, 165.00, 1, 7, 43, TRUE),
(459, 'StrongFix Hammer', 'HAR-0079', '620500000079', 5, 6, 'pcs', '1pc', 50.00, 60.00, 1, 6, 17, TRUE),
(460, 'Rafiki Padlock', 'HAR-0080', '620500000080', 5, 2, 'pcs', '50mm', 145.00, 225.00, 1, 6, 50, TRUE),
(461, 'Rafiki Hammer', 'HAR-0081', '620500000081', 5, 2, 'pcs', '1pc', 1900.00, 2690.00, 1, 10, 47, TRUE),
(462, 'Rafiki Switch Socket', 'HAR-0082', '620500000082', 5, 6, 'pcs', '13A', 800.00, 945.00, 1, 11, 32, TRUE),
(463, 'MetroBuild Padlock', 'HAR-0083', '620500000083', 5, 3, 'pcs', '50mm', 1635.00, 1960.00, 1, 7, 27, TRUE),
(464, 'Rafiki Extension Cable', 'HAR-0084', '620500000084', 5, 7, 'pcs', '5m', 1425.00, 2070.00, 1, 4, 16, TRUE),
(465, 'Jenga Cement', 'HAR-0085', '620500000085', 5, 2, 'pcs', '50kg', 1420.00, 1710.00, 1, 7, 44, TRUE),
(466, 'Jenga LED Bulb', 'HAR-0086', '620500000086', 5, 3, 'pcs', '12W', 615.00, 965.00, 1, 9, 27, TRUE),
(467, 'Rafiki Roofing Nail', 'HAR-0087', '620500000087', 5, 6, 'pcs', '1kg', 875.00, 1285.00, 1, 5, 20, TRUE),
(468, 'BuildPro Paint Brush', 'HAR-0088', '620500000088', 5, 3, 'pcs', '4 inch', 1285.00, 2035.00, 1, 10, 33, TRUE),
(469, 'StrongFix Extension Cable', 'HAR-0089', '620500000089', 5, 8, 'pcs', '5m', 1735.00, 2475.00, 1, 5, 29, TRUE),
(470, 'Jenga PVC Pipe', 'HAR-0090', '620500000090', 5, 1, 'pcs', '1 inch', 1040.00, 1295.00, 1, 8, 7, TRUE),
(471, 'FlashLink Flash Disk', 'ELE-0001', '620600000001', 6, 3, 'pcs', '32GB', 2125.00, 3335.00, 1, 10, 15, TRUE),
(472, 'SmartPlug Phone Charger', 'ELE-0002', '620600000002', 6, 1, 'pcs', '20W', 2795.00, 3305.00, 1, 11, 26, TRUE),
(473, 'TekOne HDMI Cable', 'ELE-0003', '620600000003', 6, 6, 'pcs', '1.5m', 1565.00, 2175.00, 1, 5, 8, TRUE),
(474, 'TekOne Earphones', 'ELE-0004', '620600000004', 6, 5, 'pcs', '1pc', 1125.00, 1505.00, 1, 8, 39, TRUE),
(475, 'TekOne Memory Card', 'ELE-0005', '620600000005', 6, 3, 'pcs', '32GB', 315.00, 445.00, 1, 11, 40, TRUE),
(476, 'FlashLink USB Cable', 'ELE-0006', '620600000006', 6, 2, 'pcs', '1m', 85.00, 135.00, 1, 7, 35, TRUE),
(477, 'TekOne USB Cable', 'ELE-0007', '620600000007', 6, 2, 'pcs', '1m', 480.00, 695.00, 1, 11, 10, TRUE),
(478, 'UrbanTech Memory Card', 'ELE-0008', '620600000008', 6, 7, 'pcs', '32GB', 1410.00, 1710.00, 1, 5, 21, TRUE),
(479, 'FlashLink Power Bank', 'ELE-0009', '620600000009', 6, 5, 'pcs', '10000mAh', 2195.00, 3115.00, 1, 4, 33, TRUE),
(480, 'UrbanTech AA Batteries', 'ELE-0010', '620600000010', 6, 2, 'pcs', '4 Pack', 820.00, 1010.00, 1, 6, 8, TRUE),
(481, 'FlashLink Phone Charger', 'ELE-0011', '620600000011', 6, 1, 'pcs', '20W', 2040.00, 2850.00, 1, 12, 19, TRUE),
(482, 'SmartPlug HDMI Cable', 'ELE-0012', '620600000012', 6, 8, 'pcs', '1.5m', 1140.00, 1535.00, 1, 7, 35, TRUE),
(483, 'VoltX Memory Card', 'ELE-0013', '620600000013', 6, 3, 'pcs', '32GB', 1190.00, 1455.00, 1, 12, 7, TRUE),
(484, 'UrbanTech Phone Charger', 'ELE-0014', '620600000014', 6, 3, 'pcs', '20W', 595.00, 705.00, 1, 7, 18, TRUE),
(485, 'UrbanTech USB Cable', 'ELE-0015', '620600000015', 6, 5, 'pcs', '1m', 300.00, 385.00, 1, 6, 17, TRUE),
(486, 'VoltX Flash Disk', 'ELE-0016', '620600000016', 6, 5, 'pcs', '32GB', 310.00, 415.00, 1, 9, 40, TRUE),
(487, 'UrbanTech Bluetooth Speaker', 'ELE-0017', '620600000017', 6, 2, 'pcs', 'Mini', 2005.00, 3220.00, 1, 10, 38, TRUE),
(488, 'TekOne HDMI Cable', 'ELE-0018', '620600000018', 6, 2, 'pcs', '1.5m', 470.00, 620.00, 1, 5, 11, TRUE),
(489, 'SmartPlug Memory Card', 'ELE-0019', '620600000019', 6, 8, 'pcs', '32GB', 2545.00, 3095.00, 1, 10, 21, TRUE),
(490, 'VoltX AA Batteries', 'ELE-0020', '620600000020', 6, 7, 'pcs', '4 Pack', 500.00, 700.00, 1, 4, 30, TRUE),
(491, 'TekOne Flash Disk', 'ELE-0021', '620600000021', 6, 1, 'pcs', '32GB', 210.00, 285.00, 1, 9, 22, TRUE),
(492, 'FlashLink Flash Disk', 'ELE-0022', '620600000022', 6, 3, 'pcs', '32GB', 950.00, 1170.00, 1, 7, 11, TRUE),
(493, 'UrbanTech Memory Card', 'ELE-0023', '620600000023', 6, 4, 'pcs', '32GB', 1900.00, 2735.00, 1, 5, 31, TRUE),
(494, 'TekOne AA Batteries', 'ELE-0024', '620600000024', 6, 6, 'pcs', '4 Pack', 2285.00, 3205.00, 1, 12, 36, TRUE),
(495, 'SmartPlug USB Cable', 'ELE-0025', '620600000025', 6, 3, 'pcs', '1m', 1775.00, 2795.00, 1, 10, 37, TRUE),
(496, 'SmartPlug Bluetooth Speaker', 'ELE-0026', '620600000026', 6, 4, 'pcs', 'Mini', 145.00, 220.00, 1, 4, 17, TRUE),
(497, 'UrbanTech USB Cable', 'ELE-0027', '620600000027', 6, 6, 'pcs', '1m', 205.00, 290.00, 1, 8, 17, TRUE),
(498, 'SmartPlug AA Batteries', 'ELE-0028', '620600000028', 6, 6, 'pcs', '4 Pack', 1215.00, 1460.00, 1, 7, 6, TRUE),
(499, 'SmartPlug AA Batteries', 'ELE-0029', '620600000029', 6, 6, 'pcs', '4 Pack', 1370.00, 1630.00, 1, 12, 35, TRUE),
(500, 'TekOne Flash Disk', 'ELE-0030', '620600000030', 6, 1, 'pcs', '32GB', 2005.00, 2950.00, 1, 8, 10, TRUE),
(501, 'VoltX HDMI Cable', 'ELE-0031', '620600000031', 6, 4, 'pcs', '1.5m', 505.00, 670.00, 1, 7, 18, TRUE),
(502, 'FlashLink Earphones', 'ELE-0032', '620600000032', 6, 3, 'pcs', '1pc', 1710.00, 2320.00, 1, 11, 5, TRUE),
(503, 'SmartPlug Power Bank', 'ELE-0033', '620600000033', 6, 7, 'pcs', '10000mAh', 1895.00, 2825.00, 1, 8, 24, TRUE),
(504, 'FlashLink HDMI Cable', 'ELE-0034', '620600000034', 6, 7, 'pcs', '1.5m', 1120.00, 1670.00, 1, 12, 24, TRUE),
(505, 'VoltX Phone Charger', 'ELE-0035', '620600000035', 6, 5, 'pcs', '20W', 1430.00, 1850.00, 1, 12, 28, TRUE),
(506, 'VoltX Memory Card', 'ELE-0036', '620600000036', 6, 5, 'pcs', '32GB', 1220.00, 1750.00, 1, 9, 22, TRUE),
(507, 'FlashLink Memory Card', 'ELE-0037', '620600000037', 6, 7, 'pcs', '32GB', 560.00, 755.00, 1, 4, 20, TRUE),
(508, 'TekOne Flash Disk', 'ELE-0038', '620600000038', 6, 7, 'pcs', '32GB', 1975.00, 2560.00, 1, 8, 23, TRUE),
(509, 'UrbanTech HDMI Cable', 'ELE-0039', '620600000039', 6, 4, 'pcs', '1.5m', 1970.00, 2610.00, 1, 9, 17, TRUE),
(510, 'UrbanTech Bluetooth Speaker', 'ELE-0040', '620600000040', 6, 3, 'pcs', 'Mini', 2465.00, 3185.00, 1, 8, 37, TRUE),
(511, 'TekOne Bluetooth Speaker', 'ELE-0041', '620600000041', 6, 3, 'pcs', 'Mini', 810.00, 1115.00, 1, 12, 21, TRUE),
(512, 'VoltX Flash Disk', 'ELE-0042', '620600000042', 6, 6, 'pcs', '32GB', 585.00, 870.00, 1, 10, 24, TRUE),
(513, 'FlashLink Flash Disk', 'ELE-0043', '620600000043', 6, 1, 'pcs', '32GB', 1525.00, 2100.00, 1, 11, 12, TRUE),
(514, 'UrbanTech Phone Charger', 'ELE-0044', '620600000044', 6, 5, 'pcs', '20W', 2295.00, 3125.00, 1, 12, 29, TRUE),
(515, 'VoltX HDMI Cable', 'ELE-0045', '620600000045', 6, 7, 'pcs', '1.5m', 2005.00, 3065.00, 1, 9, 17, TRUE),
(516, 'TekOne AA Batteries', 'ELE-0046', '620600000046', 6, 6, 'pcs', '4 Pack', 935.00, 1190.00, 1, 11, 10, TRUE),
(517, 'FlashLink Power Bank', 'ELE-0047', '620600000047', 6, 3, 'pcs', '10000mAh', 1405.00, 2265.00, 1, 7, 22, TRUE),
(518, 'UrbanTech Power Bank', 'ELE-0048', '620600000048', 6, 7, 'pcs', '10000mAh', 2220.00, 2775.00, 1, 10, 13, TRUE),
(519, 'UrbanTech HDMI Cable', 'ELE-0049', '620600000049', 6, 4, 'pcs', '1.5m', 2395.00, 3385.00, 1, 12, 7, TRUE),
(520, 'VoltX Flash Disk', 'ELE-0050', '620600000050', 6, 1, 'pcs', '32GB', 2490.00, 3135.00, 1, 7, 38, TRUE),
(521, 'TekOne USB Cable', 'ELE-0051', '620600000051', 6, 2, 'pcs', '1m', 725.00, 885.00, 1, 6, 24, TRUE),
(522, 'SmartPlug HDMI Cable', 'ELE-0052', '620600000052', 6, 5, 'pcs', '1.5m', 1390.00, 2110.00, 1, 8, 7, TRUE),
(523, 'SmartPlug AA Batteries', 'ELE-0053', '620600000053', 6, 8, 'pcs', '4 Pack', 1490.00, 2135.00, 1, 9, 13, TRUE),
(524, 'TekOne Flash Disk', 'ELE-0054', '620600000054', 6, 4, 'pcs', '32GB', 560.00, 675.00, 1, 4, 30, TRUE),
(525, 'TekOne Earphones', 'ELE-0055', '620600000055', 6, 2, 'pcs', '1pc', 520.00, 835.00, 1, 6, 37, TRUE),
(526, 'VoltX Flash Disk', 'ELE-0056', '620600000056', 6, 1, 'pcs', '32GB', 1065.00, 1390.00, 1, 4, 39, TRUE),
(527, 'VoltX Phone Charger', 'ELE-0057', '620600000057', 6, 2, 'pcs', '20W', 185.00, 285.00, 1, 10, 33, TRUE),
(528, 'FlashLink Bluetooth Speaker', 'ELE-0058', '620600000058', 6, 7, 'pcs', 'Mini', 1130.00, 1725.00, 1, 8, 5, TRUE),
(529, 'SmartPlug Phone Charger', 'ELE-0059', '620600000059', 6, 2, 'pcs', '20W', 785.00, 1035.00, 1, 10, 13, TRUE),
(530, 'SmartPlug Bluetooth Speaker', 'ELE-0060', '620600000060', 6, 4, 'pcs', 'Mini', 335.00, 520.00, 1, 11, 11, TRUE),
(531, 'FlashLink Earphones', 'ELE-0061', '620600000061', 6, 5, 'pcs', '1pc', 2470.00, 2930.00, 1, 10, 27, TRUE),
(532, 'VoltX Power Bank', 'ELE-0062', '620600000062', 6, 4, 'pcs', '10000mAh', 1640.00, 1975.00, 1, 9, 35, TRUE),
(533, 'VoltX USB Cable', 'ELE-0063', '620600000063', 6, 2, 'pcs', '1m', 1980.00, 2390.00, 1, 6, 36, TRUE),
(534, 'VoltX Bluetooth Speaker', 'ELE-0064', '620600000064', 6, 8, 'pcs', 'Mini', 1650.00, 2565.00, 1, 7, 21, TRUE),
(535, 'FlashLink Memory Card', 'ELE-0065', '620600000065', 6, 5, 'pcs', '32GB', 1085.00, 1690.00, 1, 4, 16, TRUE),
(536, 'FlashLink Flash Disk', 'ELE-0066', '620600000066', 6, 3, 'pcs', '32GB', 1010.00, 1560.00, 1, 4, 7, TRUE),
(537, 'FlashLink Power Bank', 'ELE-0067', '620600000067', 6, 6, 'pcs', '10000mAh', 960.00, 1330.00, 1, 5, 22, TRUE),
(538, 'TekOne Flash Disk', 'ELE-0068', '620600000068', 6, 7, 'pcs', '32GB', 360.00, 505.00, 1, 8, 34, TRUE),
(539, 'UrbanTech AA Batteries', 'ELE-0069', '620600000069', 6, 1, 'pcs', '4 Pack', 1860.00, 2315.00, 1, 6, 12, TRUE),
(540, 'VoltX Power Bank', 'ELE-0070', '620600000070', 6, 7, 'pcs', '10000mAh', 1155.00, 1525.00, 1, 6, 33, TRUE),
(541, 'SmartPlug Flash Disk', 'ELE-0071', '620600000071', 6, 8, 'pcs', '32GB', 165.00, 215.00, 1, 11, 13, TRUE),
(542, 'UrbanTech Phone Charger', 'ELE-0072', '620600000072', 6, 4, 'pcs', '20W', 1020.00, 1610.00, 1, 4, 25, TRUE),
(543, 'SmartPlug Flash Disk', 'ELE-0073', '620600000073', 6, 4, 'pcs', '32GB', 1475.00, 1890.00, 1, 10, 11, TRUE),
(544, 'FlashLink AA Batteries', 'ELE-0074', '620600000074', 6, 1, 'pcs', '4 Pack', 1815.00, 2365.00, 1, 12, 14, TRUE),
(545, 'TekOne USB Cable', 'ELE-0075', '620600000075', 6, 2, 'pcs', '1m', 1330.00, 1830.00, 1, 6, 36, TRUE),
(546, 'FlashLink AA Batteries', 'ELE-0076', '620600000076', 6, 4, 'pcs', '4 Pack', 790.00, 935.00, 1, 12, 8, TRUE),
(547, 'UrbanTech Bluetooth Speaker', 'ELE-0077', '620600000077', 6, 8, 'pcs', 'Mini', 1000.00, 1485.00, 1, 11, 34, TRUE),
(548, 'UrbanTech Phone Charger', 'ELE-0078', '620600000078', 6, 2, 'pcs', '20W', 1055.00, 1630.00, 1, 4, 36, TRUE),
(549, 'UrbanTech HDMI Cable', 'ELE-0079', '620600000079', 6, 4, 'pcs', '1.5m', 180.00, 240.00, 1, 8, 10, TRUE),
(550, 'FlashLink AA Batteries', 'ELE-0080', '620600000080', 6, 6, 'pcs', '4 Pack', 855.00, 1350.00, 1, 11, 19, TRUE),
(551, 'Fresh Oven Chapati Flour Mix', 'BAK-0001', '620700000001', 7, 2, 'pcs', '1kg', 75.00, 95.00, 2, 12, 23, TRUE),
(552, 'Sunrise White Bread', 'BAK-0002', '620700000002', 7, 6, 'pcs', '400g', 40.00, 55.00, 2, 9, 40, TRUE),
(553, 'DailyBake Sliced Bread', 'BAK-0003', '620700000003', 7, 2, 'pcs', '800g', 40.00, 60.00, 2, 11, 8, TRUE),
(554, 'Fresh Oven Bread Loaf', 'BAK-0004', '620700000004', 7, 8, 'pcs', '600g', 45.00, 70.00, 2, 8, 25, TRUE),
(555, 'TownLoaf Brown Bread', 'BAK-0005', '620700000005', 7, 2, 'pcs', '400g', 45.00, 60.00, 2, 15, 40, TRUE),
(556, 'Golden Grain Mandazi Mix', 'BAK-0006', '620700000006', 7, 1, 'pcs', '500g', 85.00, 100.00, 2, 12, 8, TRUE),
(557, 'DailyBake Chapati Flour Mix', 'BAK-0007', '620700000007', 7, 3, 'pcs', '1kg', 65.00, 90.00, 2, 12, 37, TRUE),
(558, 'Fresh Oven Sliced Bread', 'BAK-0008', '620700000008', 7, 6, 'pcs', '800g', 50.00, 65.00, 2, 11, 6, TRUE),
(559, 'Golden Grain Chapati Flour Mix', 'BAK-0009', '620700000009', 7, 7, 'pcs', '1kg', 60.00, 80.00, 2, 9, 15, TRUE),
(560, 'TownLoaf Bread Loaf', 'BAK-0010', '620700000010', 7, 5, 'pcs', '600g', 55.00, 85.00, 2, 14, 26, TRUE),
(561, 'Fresh Oven Sliced Bread', 'BAK-0011', '620700000011', 7, 4, 'pcs', '800g', 85.00, 110.00, 2, 15, 35, TRUE),
(562, 'Sunrise Brown Bread', 'BAK-0012', '620700000012', 7, 3, 'pcs', '400g', 65.00, 95.00, 2, 15, 22, TRUE),
(563, 'Sunrise Sliced Bread', 'BAK-0013', '620700000013', 7, 6, 'pcs', '800g', 70.00, 90.00, 2, 6, 20, TRUE),
(564, 'Golden Grain Chapati Flour Mix', 'BAK-0014', '620700000014', 7, 5, 'pcs', '1kg', 80.00, 95.00, 2, 15, 26, TRUE),
(565, 'DailyBake Mandazi Mix', 'BAK-0015', '620700000015', 7, 1, 'pcs', '500g', 55.00, 90.00, 2, 5, 9, TRUE),
(566, 'TownLoaf Brown Bread', 'BAK-0016', '620700000016', 7, 5, 'pcs', '400g', 70.00, 105.00, 2, 15, 18, TRUE),
(567, 'DailyBake Brown Bread', 'BAK-0017', '620700000017', 7, 6, 'pcs', '400g', 70.00, 100.00, 2, 5, 34, TRUE),
(568, 'DailyBake Mandazi Mix', 'BAK-0018', '620700000018', 7, 7, 'pcs', '500g', 75.00, 95.00, 2, 8, 35, TRUE),
(569, 'Fresh Oven Brown Bread', 'BAK-0019', '620700000019', 7, 1, 'pcs', '400g', 85.00, 105.00, 2, 15, 18, TRUE),
(570, 'Golden Grain Mandazi Mix', 'BAK-0020', '620700000020', 7, 1, 'pcs', '500g', 65.00, 80.00, 2, 13, 20, TRUE),
(571, 'TownLoaf White Bread', 'BAK-0021', '620700000021', 7, 6, 'pcs', '400g', 55.00, 70.00, 2, 8, 28, TRUE),
(572, 'Fresh Oven Chapati Flour Mix', 'BAK-0022', '620700000022', 7, 8, 'pcs', '1kg', 70.00, 105.00, 2, 9, 12, TRUE),
(573, 'DailyBake Brown Bread', 'BAK-0023', '620700000023', 7, 7, 'pcs', '400g', 45.00, 65.00, 2, 6, 32, TRUE),
(574, 'Golden Grain White Bread', 'BAK-0024', '620700000024', 7, 5, 'pcs', '400g', 50.00, 75.00, 2, 14, 10, TRUE),
(575, 'TownLoaf White Bread', 'BAK-0025', '620700000025', 7, 6, 'pcs', '400g', 70.00, 85.00, 2, 7, 2, TRUE),
(576, 'DailyBake Chapati Flour Mix', 'BAK-0026', '620700000026', 7, 6, 'pcs', '1kg', 80.00, 105.00, 2, 12, 19, TRUE),
(577, 'TownLoaf White Bread', 'BAK-0027', '620700000027', 7, 3, 'pcs', '400g', 75.00, 90.00, 2, 6, 33, TRUE),
(578, 'Fresh Oven Mandazi Mix', 'BAK-0028', '620700000028', 7, 6, 'pcs', '500g', 60.00, 90.00, 2, 8, 14, TRUE),
(579, 'TownLoaf Bread Loaf', 'BAK-0029', '620700000029', 7, 8, 'pcs', '600g', 65.00, 75.00, 2, 13, 39, TRUE),
(580, 'DailyBake Chapati Flour Mix', 'BAK-0030', '620700000030', 7, 4, 'pcs', '1kg', 40.00, 60.00, 2, 15, 15, TRUE),
(581, 'TownLoaf White Bread', 'BAK-0031', '620700000031', 7, 5, 'pcs', '400g', 65.00, 80.00, 2, 11, 7, TRUE),
(582, 'TownLoaf Chapati Flour Mix', 'BAK-0032', '620700000032', 7, 8, 'pcs', '1kg', 40.00, 55.00, 2, 13, 23, TRUE),
(583, 'DailyBake Mandazi Mix', 'BAK-0033', '620700000033', 7, 2, 'pcs', '500g', 60.00, 75.00, 2, 13, 20, TRUE),
(584, 'Sunrise White Bread', 'BAK-0034', '620700000034', 7, 2, 'pcs', '400g', 95.00, 120.00, 2, 5, 34, TRUE),
(585, 'Sunrise Brown Bread', 'BAK-0035', '620700000035', 7, 7, 'pcs', '400g', 80.00, 110.00, 2, 8, 6, TRUE),
(586, 'DailyBake Sliced Bread', 'BAK-0036', '620700000036', 7, 1, 'pcs', '800g', 70.00, 105.00, 2, 10, 29, TRUE),
(587, 'DailyBake White Bread', 'BAK-0037', '620700000037', 7, 4, 'pcs', '400g', 50.00, 60.00, 2, 6, 35, TRUE),
(588, 'Golden Grain Bread Loaf', 'BAK-0038', '620700000038', 7, 1, 'pcs', '600g', 60.00, 80.00, 2, 10, 27, TRUE),
(589, 'DailyBake Mandazi Mix', 'BAK-0039', '620700000039', 7, 1, 'pcs', '500g', 70.00, 90.00, 2, 6, 39, TRUE),
(590, 'DailyBake Sliced Bread', 'BAK-0040', '620700000040', 7, 5, 'pcs', '800g', 60.00, 80.00, 2, 15, 18, TRUE),
(591, 'DailyBake Chapati Flour Mix', 'BAK-0041', '620700000041', 7, 1, 'pcs', '1kg', 60.00, 75.00, 2, 11, 24, TRUE),
(592, 'Sunrise Mandazi Mix', 'BAK-0042', '620700000042', 7, 5, 'pcs', '500g', 60.00, 90.00, 2, 13, 25, TRUE),
(593, 'Sunrise Sliced Bread', 'BAK-0043', '620700000043', 7, 3, 'pcs', '800g', 60.00, 75.00, 2, 5, 23, TRUE),
(594, 'DailyBake White Bread', 'BAK-0044', '620700000044', 7, 2, 'pcs', '400g', 40.00, 55.00, 2, 13, 34, TRUE),
(595, 'Sunrise Bread Loaf', 'BAK-0045', '620700000045', 7, 7, 'pcs', '600g', 85.00, 105.00, 2, 8, 22, TRUE),
(596, 'Fresh Oven Sliced Bread', 'BAK-0046', '620700000046', 7, 4, 'pcs', '800g', 45.00, 65.00, 2, 9, 39, TRUE),
(597, 'Sunrise White Bread', 'BAK-0047', '620700000047', 7, 8, 'pcs', '400g', 75.00, 100.00, 2, 13, 3, TRUE),
(598, 'Fresh Oven Sliced Bread', 'BAK-0048', '620700000048', 7, 4, 'pcs', '800g', 45.00, 60.00, 2, 6, 16, TRUE),
(599, 'Fresh Oven Sliced Bread', 'BAK-0049', '620700000049', 7, 4, 'pcs', '800g', 60.00, 85.00, 2, 15, 8, TRUE),
(600, 'TownLoaf White Bread', 'BAK-0050', '620700000050', 7, 8, 'pcs', '400g', 80.00, 95.00, 2, 12, 20, TRUE),
(601, 'Fresh Oven Bread Loaf', 'BAK-0051', '620700000051', 7, 6, 'pcs', '600g', 80.00, 100.00, 2, 14, 9, TRUE),
(602, 'Golden Grain Bread Loaf', 'BAK-0052', '620700000052', 7, 7, 'pcs', '600g', 45.00, 65.00, 2, 15, 14, TRUE),
(603, 'TownLoaf Bread Loaf', 'BAK-0053', '620700000053', 7, 8, 'pcs', '600g', 50.00, 65.00, 2, 12, 30, TRUE),
(604, 'TownLoaf Bread Loaf', 'BAK-0054', '620700000054', 7, 5, 'pcs', '600g', 55.00, 85.00, 2, 6, 38, TRUE),
(605, 'Fresh Oven Brown Bread', 'BAK-0055', '620700000055', 7, 2, 'pcs', '400g', 55.00, 70.00, 2, 6, 40, TRUE),
(606, 'Fresh Oven White Bread', 'BAK-0056', '620700000056', 7, 4, 'pcs', '400g', 75.00, 95.00, 2, 11, 37, TRUE),
(607, 'Fresh Oven White Bread', 'BAK-0057', '620700000057', 7, 3, 'pcs', '400g', 60.00, 70.00, 2, 12, 34, TRUE),
(608, 'Golden Grain Bread Loaf', 'BAK-0058', '620700000058', 7, 8, 'pcs', '600g', 55.00, 70.00, 2, 7, 18, TRUE),
(609, 'Fresh Oven Chapati Flour Mix', 'BAK-0059', '620700000059', 7, 4, 'pcs', '1kg', 40.00, 60.00, 2, 15, 0, TRUE),
(610, 'Sunrise Chapati Flour Mix', 'BAK-0060', '620700000060', 7, 3, 'pcs', '1kg', 70.00, 105.00, 2, 7, 10, TRUE),
(611, 'Golden Grain Sliced Bread', 'BAK-0061', '620700000061', 7, 2, 'pcs', '800g', 70.00, 115.00, 2, 8, 31, TRUE),
(612, 'TownLoaf Bread Loaf', 'BAK-0062', '620700000062', 7, 7, 'pcs', '600g', 55.00, 70.00, 2, 10, 33, TRUE),
(613, 'Golden Grain Mandazi Mix', 'BAK-0063', '620700000063', 7, 5, 'pcs', '500g', 70.00, 110.00, 2, 6, 20, TRUE),
(614, 'TownLoaf Sliced Bread', 'BAK-0064', '620700000064', 7, 7, 'pcs', '800g', 70.00, 95.00, 2, 15, 24, TRUE),
(615, 'Fresh Oven Bread Loaf', 'BAK-0065', '620700000065', 7, 7, 'pcs', '600g', 75.00, 95.00, 2, 9, 33, TRUE),
(616, 'Fresh Oven Brown Bread', 'BAK-0066', '620700000066', 7, 8, 'pcs', '400g', 65.00, 80.00, 2, 12, 22, TRUE),
(617, 'DailyBake Chapati Flour Mix', 'BAK-0067', '620700000067', 7, 2, 'pcs', '1kg', 60.00, 90.00, 2, 8, 10, TRUE),
(618, 'TownLoaf Chapati Flour Mix', 'BAK-0068', '620700000068', 7, 2, 'pcs', '1kg', 45.00, 70.00, 2, 14, 23, TRUE),
(619, 'Sunrise Sliced Bread', 'BAK-0069', '620700000069', 7, 8, 'pcs', '800g', 55.00, 80.00, 2, 12, 7, TRUE),
(620, 'Sunrise Mandazi Mix', 'BAK-0070', '620700000070', 7, 4, 'pcs', '500g', 75.00, 95.00, 2, 5, 26, TRUE),
(621, 'Sunrise White Bread', 'BAK-0071', '620700000071', 7, 1, 'pcs', '400g', 60.00, 90.00, 2, 13, 40, TRUE),
(622, 'Sunrise Chapati Flour Mix', 'BAK-0072', '620700000072', 7, 7, 'pcs', '1kg', 40.00, 60.00, 2, 13, 11, TRUE),
(623, 'Fresh Oven Chapati Flour Mix', 'BAK-0073', '620700000073', 7, 4, 'pcs', '1kg', 80.00, 95.00, 2, 6, 18, TRUE),
(624, 'Fresh Oven Mandazi Mix', 'BAK-0074', '620700000074', 7, 7, 'pcs', '500g', 100.00, 120.00, 2, 8, 10, TRUE),
(625, 'Sunrise Chapati Flour Mix', 'BAK-0075', '620700000075', 7, 5, 'pcs', '1kg', 85.00, 105.00, 2, 14, 11, TRUE),
(626, 'TownLoaf Brown Bread', 'BAK-0076', '620700000076', 7, 7, 'pcs', '400g', 85.00, 115.00, 2, 8, 4, TRUE),
(627, 'Sunrise Mandazi Mix', 'BAK-0077', '620700000077', 7, 7, 'pcs', '500g', 40.00, 60.00, 2, 15, 32, TRUE),
(628, 'Fresh Oven Brown Bread', 'BAK-0078', '620700000078', 7, 1, 'pcs', '400g', 45.00, 60.00, 2, 14, 39, TRUE),
(629, 'Fresh Oven Chapati Flour Mix', 'BAK-0079', '620700000079', 7, 1, 'pcs', '1kg', 65.00, 105.00, 2, 14, 8, TRUE),
(630, 'Golden Grain Sliced Bread', 'BAK-0080', '620700000080', 7, 7, 'pcs', '800g', 65.00, 90.00, 2, 13, 2, TRUE),
(631, 'FarmFresh Long Life Milk', 'DAI-0001', '620800000001', 8, 2, 'pcs', '500ml', 110.00, 155.00, 2, 14, 37, TRUE),
(632, 'Highland Cultured Milk', 'DAI-0002', '620800000002', 8, 7, 'pcs', '500ml', 70.00, 85.00, 2, 9, 5, TRUE),
(633, 'Highland Yoghurt Plain', 'DAI-0003', '620800000003', 8, 2, 'pcs', '500ml', 40.00, 50.00, 2, 14, 0, TRUE),
(634, 'Maziwa Milk Packet', 'DAI-0004', '620800000004', 8, 6, 'pcs', '1L', 65.00, 100.00, 2, 11, 20, TRUE),
(635, 'Highland Fresh Milk', 'DAI-0005', '620800000005', 8, 7, 'pcs', '500ml', 80.00, 105.00, 2, 13, 16, TRUE),
(636, 'DailyDairy Milk Packet', 'DAI-0006', '620800000006', 8, 7, 'pcs', '1L', 110.00, 130.00, 2, 8, 25, TRUE),
(637, 'CoolMilk Milk Packet', 'DAI-0007', '620800000007', 8, 5, 'pcs', '1L', 80.00, 115.00, 2, 12, 35, TRUE),
(638, 'CoolMilk Yoghurt Plain', 'DAI-0008', '620800000008', 8, 2, 'pcs', '500ml', 75.00, 95.00, 2, 7, 47, TRUE),
(639, 'Highland Lacto Milk', 'DAI-0009', '620800000009', 8, 4, 'pcs', '500ml', 85.00, 110.00, 2, 6, 10, TRUE),
(640, 'FarmFresh Milk Packet', 'DAI-0010', '620800000010', 8, 1, 'pcs', '1L', 120.00, 150.00, 2, 15, 39, TRUE),
(641, 'FarmFresh Long Life Milk', 'DAI-0011', '620800000011', 8, 8, 'pcs', '500ml', 110.00, 175.00, 2, 7, 5, TRUE),
(642, 'FarmFresh Milk Packet', 'DAI-0012', '620800000012', 8, 1, 'pcs', '1L', 40.00, 60.00, 2, 6, 23, TRUE),
(643, 'FarmFresh Lacto Milk', 'DAI-0013', '620800000013', 8, 5, 'pcs', '500ml', 120.00, 170.00, 2, 13, 41, TRUE),
(644, 'CoolMilk Lacto Milk', 'DAI-0014', '620800000014', 8, 8, 'pcs', '500ml', 45.00, 55.00, 2, 15, 11, TRUE),
(645, 'Maziwa Cultured Milk', 'DAI-0015', '620800000015', 8, 4, 'pcs', '500ml', 60.00, 75.00, 2, 9, 33, TRUE),
(646, 'CoolMilk Fresh Milk', 'DAI-0016', '620800000016', 8, 1, 'pcs', '500ml', 90.00, 115.00, 2, 7, 39, TRUE),
(647, 'Highland Yoghurt Plain', 'DAI-0017', '620800000017', 8, 7, 'pcs', '500ml', 115.00, 135.00, 2, 9, 5, TRUE),
(648, 'FarmFresh Yoghurt Plain', 'DAI-0018', '620800000018', 8, 2, 'pcs', '500ml', 70.00, 105.00, 2, 6, 0, TRUE),
(649, 'DailyDairy Milk Packet', 'DAI-0019', '620800000019', 8, 6, 'pcs', '1L', 110.00, 145.00, 2, 10, 37, TRUE),
(650, 'Highland Yoghurt Plain', 'DAI-0020', '620800000020', 8, 1, 'pcs', '500ml', 85.00, 130.00, 2, 14, 25, TRUE),
(651, 'Highland Yoghurt Plain', 'DAI-0021', '620800000021', 8, 5, 'pcs', '500ml', 70.00, 105.00, 2, 13, 4, TRUE),
(652, 'Maziwa Yoghurt Plain', 'DAI-0022', '620800000022', 8, 5, 'pcs', '500ml', 130.00, 155.00, 2, 14, 34, TRUE),
(653, 'FarmFresh Lacto Milk', 'DAI-0023', '620800000023', 8, 6, 'pcs', '500ml', 130.00, 175.00, 2, 8, 49, TRUE),
(654, 'FarmFresh Cultured Milk', 'DAI-0024', '620800000024', 8, 5, 'pcs', '500ml', 135.00, 165.00, 2, 6, 30, TRUE),
(655, 'FarmFresh Fresh Milk', 'DAI-0025', '620800000025', 8, 6, 'pcs', '500ml', 110.00, 130.00, 2, 8, 43, TRUE),
(656, 'DailyDairy Cultured Milk', 'DAI-0026', '620800000026', 8, 5, 'pcs', '500ml', 70.00, 115.00, 2, 8, 16, TRUE),
(657, 'FarmFresh Fresh Milk', 'DAI-0027', '620800000027', 8, 3, 'pcs', '500ml', 115.00, 140.00, 2, 13, 4, TRUE),
(658, 'DailyDairy Cultured Milk', 'DAI-0028', '620800000028', 8, 4, 'pcs', '500ml', 80.00, 95.00, 2, 7, 17, TRUE),
(659, 'Highland Cultured Milk', 'DAI-0029', '620800000029', 8, 4, 'pcs', '500ml', 55.00, 80.00, 2, 8, 16, TRUE),
(660, 'Highland Long Life Milk', 'DAI-0030', '620800000030', 8, 2, 'pcs', '500ml', 110.00, 160.00, 2, 6, 49, TRUE),
(661, 'FarmFresh Fresh Milk', 'DAI-0031', '620800000031', 8, 8, 'pcs', '500ml', 105.00, 130.00, 2, 5, 34, TRUE),
(662, 'CoolMilk Yoghurt Plain', 'DAI-0032', '620800000032', 8, 8, 'pcs', '500ml', 75.00, 90.00, 2, 9, 36, TRUE),
(663, 'CoolMilk Long Life Milk', 'DAI-0033', '620800000033', 8, 1, 'pcs', '500ml', 55.00, 85.00, 2, 7, 36, TRUE),
(664, 'FarmFresh Milk Packet', 'DAI-0034', '620800000034', 8, 7, 'pcs', '1L', 80.00, 110.00, 2, 10, 32, TRUE),
(665, 'Highland Lacto Milk', 'DAI-0035', '620800000035', 8, 6, 'pcs', '500ml', 70.00, 110.00, 2, 12, 33, TRUE),
(666, 'Maziwa Lacto Milk', 'DAI-0036', '620800000036', 8, 6, 'pcs', '500ml', 35.00, 50.00, 2, 6, 37, TRUE),
(667, 'CoolMilk Yoghurt Plain', 'DAI-0037', '620800000037', 8, 5, 'pcs', '500ml', 105.00, 160.00, 2, 8, 16, TRUE),
(668, 'CoolMilk Cultured Milk', 'DAI-0038', '620800000038', 8, 7, 'pcs', '500ml', 65.00, 95.00, 2, 8, 27, TRUE),
(669, 'DailyDairy Lacto Milk', 'DAI-0039', '620800000039', 8, 3, 'pcs', '500ml', 70.00, 95.00, 2, 7, 28, TRUE),
(670, 'Highland Milk Packet', 'DAI-0040', '620800000040', 8, 7, 'pcs', '1L', 120.00, 155.00, 2, 13, 15, TRUE),
(671, 'Highland Cultured Milk', 'DAI-0041', '620800000041', 8, 1, 'pcs', '500ml', 60.00, 70.00, 2, 12, 9, TRUE),
(672, 'FarmFresh Long Life Milk', 'DAI-0042', '620800000042', 8, 6, 'pcs', '500ml', 100.00, 115.00, 2, 13, 40, TRUE),
(673, 'DailyDairy Cultured Milk', 'DAI-0043', '620800000043', 8, 2, 'pcs', '500ml', 70.00, 85.00, 2, 11, 3, TRUE),
(674, 'Highland Lacto Milk', 'DAI-0044', '620800000044', 8, 2, 'pcs', '500ml', 50.00, 60.00, 2, 15, 30, TRUE),
(675, 'DailyDairy Cultured Milk', 'DAI-0045', '620800000045', 8, 6, 'pcs', '500ml', 60.00, 85.00, 2, 9, 35, TRUE),
(676, 'FarmFresh Fresh Milk', 'DAI-0046', '620800000046', 8, 3, 'pcs', '500ml', 55.00, 65.00, 2, 8, 38, TRUE),
(677, 'DailyDairy Yoghurt Plain', 'DAI-0047', '620800000047', 8, 2, 'pcs', '500ml', 65.00, 90.00, 2, 12, 49, TRUE),
(678, 'CoolMilk Cultured Milk', 'DAI-0048', '620800000048', 8, 6, 'pcs', '500ml', 65.00, 85.00, 2, 7, 9, TRUE),
(679, 'CoolMilk Cultured Milk', 'DAI-0049', '620800000049', 8, 3, 'pcs', '500ml', 100.00, 125.00, 2, 6, 4, TRUE),
(680, 'Highland Yoghurt Plain', 'DAI-0050', '620800000050', 8, 7, 'pcs', '500ml', 70.00, 90.00, 2, 9, 45, TRUE),
(681, 'FarmFresh Yoghurt Plain', 'DAI-0051', '620800000051', 8, 8, 'pcs', '500ml', 125.00, 150.00, 2, 14, 47, TRUE),
(682, 'Highland Cultured Milk', 'DAI-0052', '620800000052', 8, 5, 'pcs', '500ml', 45.00, 75.00, 2, 8, 46, TRUE),
(683, 'Maziwa Lacto Milk', 'DAI-0053', '620800000053', 8, 8, 'pcs', '500ml', 55.00, 75.00, 2, 6, 6, TRUE),
(684, 'Maziwa Milk Packet', 'DAI-0054', '620800000054', 8, 2, 'pcs', '1L', 40.00, 55.00, 2, 6, 48, TRUE),
(685, 'CoolMilk Yoghurt Plain', 'DAI-0055', '620800000055', 8, 4, 'pcs', '500ml', 55.00, 70.00, 2, 9, 24, TRUE),
(686, 'DailyDairy Long Life Milk', 'DAI-0056', '620800000056', 8, 1, 'pcs', '500ml', 70.00, 110.00, 2, 7, 33, TRUE),
(687, 'DailyDairy Fresh Milk', 'DAI-0057', '620800000057', 8, 5, 'pcs', '500ml', 110.00, 160.00, 2, 12, 30, TRUE),
(688, 'FarmFresh Milk Packet', 'DAI-0058', '620800000058', 8, 8, 'pcs', '1L', 60.00, 70.00, 2, 7, 34, TRUE),
(689, 'CoolMilk Lacto Milk', 'DAI-0059', '620800000059', 8, 6, 'pcs', '500ml', 80.00, 105.00, 2, 9, 34, TRUE),
(690, 'CoolMilk Cultured Milk', 'DAI-0060', '620800000060', 8, 7, 'pcs', '500ml', 50.00, 80.00, 2, 10, 19, TRUE),
(691, 'Highland Yoghurt Plain', 'DAI-0061', '620800000061', 8, 6, 'pcs', '500ml', 55.00, 90.00, 2, 7, 48, TRUE),
(692, 'FarmFresh Yoghurt Plain', 'DAI-0062', '620800000062', 8, 5, 'pcs', '500ml', 95.00, 120.00, 2, 12, 31, TRUE),
(693, 'FarmFresh Fresh Milk', 'DAI-0063', '620800000063', 8, 6, 'pcs', '500ml', 115.00, 155.00, 2, 5, 50, TRUE),
(694, 'FarmFresh Long Life Milk', 'DAI-0064', '620800000064', 8, 7, 'pcs', '500ml', 120.00, 165.00, 2, 7, 15, TRUE),
(695, 'Highland Cultured Milk', 'DAI-0065', '620800000065', 8, 5, 'pcs', '500ml', 60.00, 85.00, 2, 13, 15, TRUE),
(696, 'CoolMilk Yoghurt Plain', 'DAI-0066', '620800000066', 8, 3, 'pcs', '500ml', 110.00, 155.00, 2, 7, 4, TRUE),
(697, 'Maziwa Yoghurt Plain', 'DAI-0067', '620800000067', 8, 8, 'pcs', '500ml', 105.00, 135.00, 2, 14, 17, TRUE),
(698, 'DailyDairy Long Life Milk', 'DAI-0068', '620800000068', 8, 3, 'pcs', '500ml', 35.00, 55.00, 2, 5, 34, TRUE),
(699, 'DailyDairy Fresh Milk', 'DAI-0069', '620800000069', 8, 4, 'pcs', '500ml', 65.00, 85.00, 2, 5, 46, TRUE),
(700, 'Highland Fresh Milk', 'DAI-0070', '620800000070', 8, 8, 'pcs', '500ml', 35.00, 50.00, 2, 9, 26, TRUE),
(701, 'FarmFresh Yoghurt Plain', 'DAI-0071', '620800000071', 8, 1, 'pcs', '500ml', 90.00, 140.00, 2, 7, 5, TRUE),
(702, 'FarmFresh Yoghurt Plain', 'DAI-0072', '620800000072', 8, 7, 'pcs', '500ml', 45.00, 60.00, 2, 9, 12, TRUE),
(703, 'Maziwa Fresh Milk', 'DAI-0073', '620800000073', 8, 4, 'pcs', '500ml', 135.00, 175.00, 2, 12, 24, TRUE),
(704, 'Maziwa Lacto Milk', 'DAI-0074', '620800000074', 8, 4, 'pcs', '500ml', 60.00, 75.00, 2, 13, 6, TRUE),
(705, 'FarmFresh Cultured Milk', 'DAI-0075', '620800000075', 8, 1, 'pcs', '500ml', 95.00, 140.00, 2, 7, 20, TRUE),
(706, 'CoolMilk Lacto Milk', 'DAI-0076', '620800000076', 8, 4, 'pcs', '500ml', 80.00, 120.00, 2, 9, 40, TRUE),
(707, 'Maziwa Yoghurt Plain', 'DAI-0077', '620800000077', 8, 7, 'pcs', '500ml', 105.00, 160.00, 2, 8, 7, TRUE),
(708, 'Maziwa Yoghurt Plain', 'DAI-0078', '620800000078', 8, 4, 'pcs', '500ml', 50.00, 70.00, 2, 11, 7, TRUE),
(709, 'Maziwa Fresh Milk', 'DAI-0079', '620800000079', 8, 3, 'pcs', '500ml', 95.00, 125.00, 2, 14, 44, TRUE),
(710, 'Maziwa Yoghurt Plain', 'DAI-0080', '620800000080', 8, 6, 'pcs', '500ml', 60.00, 80.00, 2, 14, 43, TRUE),
(711, 'Pishi Maize Flour', 'CER-0001', '620900000001', 9, 2, 'pcs', '2kg', 100.00, 150.00, 2, 20, 78, TRUE),
(712, 'MillStar Rice', 'CER-0002', '620900000002', 9, 6, 'pcs', '2kg', 100.00, 120.00, 2, 20, 92, TRUE),
(713, 'Mama''s Choice Porridge Flour', 'CER-0003', '620900000003', 9, 1, 'pcs', '1kg', 45.00, 65.00, 2, 12, 27, TRUE),
(714, 'MillStar Porridge Flour', 'CER-0004', '620900000004', 9, 3, 'pcs', '1kg', 155.00, 205.00, 2, 11, 72, TRUE),
(715, 'Shamba Sembe Flour', 'CER-0005', '620900000005', 9, 3, 'pcs', '2kg', 105.00, 145.00, 2, 16, 86, TRUE),
(716, 'Unga Bora Wheat Flour', 'CER-0006', '620900000006', 9, 6, 'pcs', '2kg', 70.00, 100.00, 2, 16, 43, TRUE),
(717, 'Pishi Porridge Flour', 'CER-0007', '620900000007', 9, 6, 'pcs', '1kg', 190.00, 260.00, 2, 8, 33, TRUE),
(718, 'Shamba Beans', 'CER-0008', '620900000008', 9, 4, 'pcs', '2kg', 190.00, 245.00, 2, 14, 78, TRUE),
(719, 'MillStar Sembe Flour', 'CER-0009', '620900000009', 9, 7, 'pcs', '2kg', 170.00, 260.00, 2, 13, 46, TRUE),
(720, 'Pishi Sugar', 'CER-0010', '620900000010', 9, 3, 'pcs', '2kg', 65.00, 85.00, 2, 10, 15, TRUE),
(721, 'Mama''s Choice Maize Flour', 'CER-0011', '620900000011', 9, 7, 'pcs', '2kg', 60.00, 90.00, 2, 17, 14, TRUE),
(722, 'Unga Bora Porridge Flour', 'CER-0012', '620900000012', 9, 4, 'pcs', '1kg', 165.00, 220.00, 2, 13, 16, TRUE),
(723, 'Pishi Wheat Flour', 'CER-0013', '620900000013', 9, 8, 'pcs', '2kg', 200.00, 300.00, 2, 9, 72, TRUE),
(724, 'Shamba Maize Flour', 'CER-0014', '620900000014', 9, 1, 'pcs', '2kg', 170.00, 205.00, 2, 13, 63, TRUE),
(725, 'Unga Bora Green Grams', 'CER-0015', '620900000015', 9, 4, 'pcs', '1kg', 45.00, 70.00, 2, 9, 48, TRUE),
(726, 'Pishi Sembe Flour', 'CER-0016', '620900000016', 9, 4, 'pcs', '2kg', 55.00, 85.00, 2, 11, 59, TRUE),
(727, 'Mama''s Choice Sembe Flour', 'CER-0017', '620900000017', 9, 7, 'pcs', '2kg', 175.00, 210.00, 2, 19, 81, TRUE),
(728, 'Unga Bora Wheat Flour', 'CER-0018', '620900000018', 9, 2, 'pcs', '2kg', 110.00, 155.00, 2, 14, 95, TRUE),
(729, 'Mama''s Choice Rice', 'CER-0019', '620900000019', 9, 8, 'pcs', '2kg', 150.00, 205.00, 2, 10, 94, TRUE),
(730, 'Shamba Sugar', 'CER-0020', '620900000020', 9, 7, 'pcs', '2kg', 175.00, 205.00, 2, 14, 57, TRUE),
(731, 'Unga Bora Sugar', 'CER-0021', '620900000021', 9, 5, 'pcs', '2kg', 95.00, 125.00, 2, 20, 58, TRUE),
(732, 'MillStar Sugar', 'CER-0022', '620900000022', 9, 1, 'pcs', '2kg', 125.00, 175.00, 2, 12, 14, TRUE),
(733, 'Mama''s Choice Sembe Flour', 'CER-0023', '620900000023', 9, 4, 'pcs', '2kg', 220.00, 320.00, 2, 11, 48, TRUE),
(734, 'Pishi Sugar', 'CER-0024', '620900000024', 9, 3, 'pcs', '2kg', 220.00, 260.00, 2, 16, 45, TRUE),
(735, 'Pishi Wheat Flour', 'CER-0025', '620900000025', 9, 4, 'pcs', '2kg', 120.00, 180.00, 2, 13, 43, TRUE),
(736, 'Shamba Beans', 'CER-0026', '620900000026', 9, 4, 'pcs', '2kg', 175.00, 270.00, 2, 17, 61, TRUE),
(737, 'Shamba Wheat Flour', 'CER-0027', '620900000027', 9, 2, 'pcs', '2kg', 175.00, 265.00, 2, 19, 98, TRUE),
(738, 'Pishi Green Grams', 'CER-0028', '620900000028', 9, 1, 'pcs', '1kg', 190.00, 250.00, 2, 20, 20, TRUE),
(739, 'Shamba Sugar', 'CER-0029', '620900000029', 9, 4, 'pcs', '2kg', 210.00, 290.00, 2, 20, 25, TRUE),
(740, 'MillStar Maize Flour', 'CER-0030', '620900000030', 9, 3, 'pcs', '2kg', 55.00, 75.00, 2, 16, 50, TRUE),
(741, 'Unga Bora Sugar', 'CER-0031', '620900000031', 9, 7, 'pcs', '2kg', 155.00, 240.00, 2, 19, 96, TRUE),
(742, 'Unga Bora Porridge Flour', 'CER-0032', '620900000032', 9, 7, 'pcs', '1kg', 135.00, 210.00, 2, 12, 65, TRUE),
(743, 'Mama''s Choice Rice', 'CER-0033', '620900000033', 9, 7, 'pcs', '2kg', 105.00, 145.00, 2, 16, 16, TRUE),
(744, 'Pishi Green Grams', 'CER-0034', '620900000034', 9, 3, 'pcs', '1kg', 120.00, 165.00, 2, 10, 99, TRUE),
(745, 'Unga Bora Porridge Flour', 'CER-0035', '620900000035', 9, 4, 'pcs', '1kg', 80.00, 110.00, 2, 11, 83, TRUE),
(746, 'Pishi Beans', 'CER-0036', '620900000036', 9, 2, 'pcs', '2kg', 95.00, 130.00, 2, 17, 97, TRUE),
(747, 'MillStar Wheat Flour', 'CER-0037', '620900000037', 9, 1, 'pcs', '2kg', 120.00, 170.00, 2, 13, 51, TRUE),
(748, 'Mama''s Choice Green Grams', 'CER-0038', '620900000038', 9, 3, 'pcs', '1kg', 240.00, 315.00, 2, 17, 66, TRUE),
(749, 'Pishi Porridge Flour', 'CER-0039', '620900000039', 9, 3, 'pcs', '1kg', 200.00, 300.00, 2, 13, 97, TRUE),
(750, 'Pishi Wheat Flour', 'CER-0040', '620900000040', 9, 5, 'pcs', '2kg', 170.00, 250.00, 2, 10, 89, TRUE),
(751, 'Shamba Maize Flour', 'CER-0041', '620900000041', 9, 1, 'pcs', '2kg', 155.00, 240.00, 2, 15, 67, TRUE),
(752, 'Mama''s Choice Sugar', 'CER-0042', '620900000042', 9, 5, 'pcs', '2kg', 165.00, 250.00, 2, 16, 79, TRUE),
(753, 'MillStar Sembe Flour', 'CER-0043', '620900000043', 9, 1, 'pcs', '2kg', 185.00, 220.00, 2, 19, 98, TRUE),
(754, 'Unga Bora Cooking Salt', 'CER-0044', '620900000044', 9, 1, 'pcs', '1kg', 220.00, 295.00, 2, 10, 42, TRUE),
(755, 'Mama''s Choice Green Grams', 'CER-0045', '620900000045', 9, 1, 'pcs', '1kg', 200.00, 265.00, 2, 15, 16, TRUE),
(756, 'MillStar Wheat Flour', 'CER-0046', '620900000046', 9, 2, 'pcs', '2kg', 180.00, 230.00, 2, 13, 94, TRUE),
(757, 'Shamba Maize Flour', 'CER-0047', '620900000047', 9, 2, 'pcs', '2kg', 220.00, 285.00, 2, 14, 39, TRUE),
(758, 'MillStar Sugar', 'CER-0048', '620900000048', 9, 8, 'pcs', '2kg', 210.00, 285.00, 2, 11, 33, TRUE),
(759, 'Pishi Sembe Flour', 'CER-0049', '620900000049', 9, 8, 'pcs', '2kg', 60.00, 70.00, 2, 13, 49, TRUE),
(760, 'Mama''s Choice Cooking Salt', 'CER-0050', '620900000050', 9, 5, 'pcs', '1kg', 50.00, 65.00, 2, 18, 55, TRUE),
(761, 'Unga Bora Beans', 'CER-0051', '620900000051', 9, 1, 'pcs', '2kg', 80.00, 130.00, 2, 14, 42, TRUE),
(762, 'Shamba Sembe Flour', 'CER-0052', '620900000052', 9, 3, 'pcs', '2kg', 85.00, 120.00, 2, 18, 60, TRUE),
(763, 'MillStar Wheat Flour', 'CER-0053', '620900000053', 9, 4, 'pcs', '2kg', 150.00, 195.00, 2, 18, 90, TRUE),
(764, 'Mama''s Choice Cooking Salt', 'CER-0054', '620900000054', 9, 6, 'pcs', '1kg', 150.00, 210.00, 2, 17, 49, TRUE),
(765, 'Unga Bora Porridge Flour', 'CER-0055', '620900000055', 9, 4, 'pcs', '1kg', 75.00, 95.00, 2, 16, 84, TRUE),
(766, 'Shamba Rice', 'CER-0056', '620900000056', 9, 3, 'pcs', '2kg', 200.00, 240.00, 2, 14, 27, TRUE),
(767, 'Shamba Rice', 'CER-0057', '620900000057', 9, 6, 'pcs', '2kg', 60.00, 80.00, 2, 10, 25, TRUE),
(768, 'Pishi Rice', 'CER-0058', '620900000058', 9, 5, 'pcs', '2kg', 215.00, 260.00, 2, 14, 62, TRUE),
(769, 'Shamba Porridge Flour', 'CER-0059', '620900000059', 9, 1, 'pcs', '1kg', 65.00, 100.00, 2, 10, 26, TRUE),
(770, 'Unga Bora Green Grams', 'CER-0060', '620900000060', 9, 1, 'pcs', '1kg', 140.00, 205.00, 2, 11, 39, TRUE),
(771, 'Pishi Sugar', 'CER-0061', '620900000061', 9, 8, 'pcs', '2kg', 175.00, 240.00, 2, 17, 74, TRUE),
(772, 'Mama''s Choice Sugar', 'CER-0062', '620900000062', 9, 4, 'pcs', '2kg', 205.00, 280.00, 2, 10, 27, TRUE),
(773, 'Pishi Beans', 'CER-0063', '620900000063', 9, 4, 'pcs', '2kg', 140.00, 165.00, 2, 14, 44, TRUE),
(774, 'Mama''s Choice Beans', 'CER-0064', '620900000064', 9, 8, 'pcs', '2kg', 60.00, 75.00, 2, 17, 66, TRUE),
(775, 'MillStar Sugar', 'CER-0065', '620900000065', 9, 7, 'pcs', '2kg', 210.00, 290.00, 2, 17, 15, TRUE),
(776, 'MillStar Sugar', 'CER-0066', '620900000066', 9, 1, 'pcs', '2kg', 175.00, 220.00, 2, 16, 86, TRUE),
(777, 'Pishi Sembe Flour', 'CER-0067', '620900000067', 9, 7, 'pcs', '2kg', 140.00, 175.00, 2, 11, 15, TRUE),
(778, 'Unga Bora Maize Flour', 'CER-0068', '620900000068', 9, 5, 'pcs', '2kg', 125.00, 160.00, 2, 11, 16, TRUE),
(779, 'MillStar Porridge Flour', 'CER-0069', '620900000069', 9, 3, 'pcs', '1kg', 230.00, 290.00, 2, 15, 46, TRUE),
(780, 'Shamba Cooking Salt', 'CER-0070', '620900000070', 9, 8, 'pcs', '1kg', 140.00, 220.00, 2, 10, 76, TRUE),
(781, 'Pishi Porridge Flour', 'CER-0071', '620900000071', 9, 3, 'pcs', '1kg', 160.00, 250.00, 2, 19, 84, TRUE),
(782, 'MillStar Cooking Salt', 'CER-0072', '620900000072', 9, 4, 'pcs', '1kg', 90.00, 145.00, 2, 17, 68, TRUE),
(783, 'Pishi Porridge Flour', 'CER-0073', '620900000073', 9, 2, 'pcs', '1kg', 95.00, 125.00, 2, 19, 30, TRUE),
(784, 'Pishi Wheat Flour', 'CER-0074', '620900000074', 9, 7, 'pcs', '2kg', 190.00, 245.00, 2, 16, 20, TRUE),
(785, 'Unga Bora Sembe Flour', 'CER-0075', '620900000075', 9, 3, 'pcs', '2kg', 215.00, 305.00, 2, 8, 58, TRUE),
(786, 'Unga Bora Sugar', 'CER-0076', '620900000076', 9, 3, 'pcs', '2kg', 235.00, 285.00, 2, 10, 30, TRUE),
(787, 'MillStar Maize Flour', 'CER-0077', '620900000077', 9, 3, 'pcs', '2kg', 110.00, 140.00, 2, 12, 67, TRUE),
(788, 'Mama''s Choice Wheat Flour', 'CER-0078', '620900000078', 9, 8, 'pcs', '2kg', 190.00, 310.00, 2, 8, 42, TRUE),
(789, 'MillStar Porridge Flour', 'CER-0079', '620900000079', 9, 4, 'pcs', '1kg', 125.00, 200.00, 2, 11, 73, TRUE),
(790, 'MillStar Porridge Flour', 'CER-0080', '620900000080', 9, 4, 'pcs', '1kg', 105.00, 165.00, 2, 8, 86, TRUE),
(791, 'Shamba Sembe Flour', 'CER-0081', '620900000081', 9, 3, 'pcs', '2kg', 165.00, 220.00, 2, 8, 36, TRUE),
(792, 'Pishi Rice', 'CER-0082', '620900000082', 9, 5, 'pcs', '2kg', 145.00, 230.00, 2, 18, 14, TRUE),
(793, 'Pishi Sugar', 'CER-0083', '620900000083', 9, 5, 'pcs', '2kg', 55.00, 75.00, 2, 10, 32, TRUE),
(794, 'Mama''s Choice Sembe Flour', 'CER-0084', '620900000084', 9, 2, 'pcs', '2kg', 245.00, 310.00, 2, 8, 56, TRUE),
(795, 'Shamba Green Grams', 'CER-0085', '620900000085', 9, 7, 'pcs', '1kg', 110.00, 155.00, 2, 20, 18, TRUE),
(796, 'Pishi Sembe Flour', 'CER-0086', '620900000086', 9, 6, 'pcs', '2kg', 90.00, 135.00, 2, 12, 98, TRUE),
(797, 'MillStar Sembe Flour', 'CER-0087', '620900000087', 9, 2, 'pcs', '2kg', 150.00, 195.00, 2, 8, 88, TRUE),
(798, 'Pishi Sembe Flour', 'CER-0088', '620900000088', 9, 7, 'pcs', '2kg', 145.00, 185.00, 2, 12, 100, TRUE),
(799, 'Shamba Sugar', 'CER-0089', '620900000089', 9, 8, 'pcs', '2kg', 165.00, 195.00, 2, 10, 55, TRUE),
(800, 'MillStar Sembe Flour', 'CER-0090', '620900000090', 9, 5, 'pcs', '2kg', 125.00, 190.00, 2, 11, 88, TRUE),
(801, 'Pishi Beans', 'CER-0091', '620900000091', 9, 4, 'pcs', '2kg', 65.00, 90.00, 2, 19, 25, TRUE),
(802, 'MillStar Cooking Salt', 'CER-0092', '620900000092', 9, 1, 'pcs', '1kg', 50.00, 70.00, 2, 11, 91, TRUE),
(803, 'Shamba Beans', 'CER-0093', '620900000093', 9, 6, 'pcs', '2kg', 80.00, 125.00, 2, 16, 48, TRUE),
(804, 'Pishi Maize Flour', 'CER-0094', '620900000094', 9, 1, 'pcs', '2kg', 170.00, 240.00, 2, 17, 82, TRUE),
(805, 'Mama''s Choice Rice', 'CER-0095', '620900000095', 9, 8, 'pcs', '2kg', 100.00, 145.00, 2, 15, 96, TRUE),
(806, 'Mama''s Choice Maize Flour', 'CER-0096', '620900000096', 9, 8, 'pcs', '2kg', 140.00, 185.00, 2, 13, 78, TRUE),
(807, 'Pishi Cooking Salt', 'CER-0097', '620900000097', 9, 1, 'pcs', '1kg', 190.00, 275.00, 2, 13, 96, TRUE),
(808, 'Unga Bora Beans', 'CER-0098', '620900000098', 9, 3, 'pcs', '2kg', 195.00, 240.00, 2, 9, 55, TRUE),
(809, 'Pishi Green Grams', 'CER-0099', '620900000099', 9, 7, 'pcs', '1kg', 105.00, 150.00, 2, 10, 78, TRUE),
(810, 'Unga Bora Rice', 'CER-0100', '620900000100', 9, 6, 'pcs', '2kg', 70.00, 90.00, 2, 19, 49, TRUE),
(811, 'Green Basket Tomatoes', 'FRE-0001', '621000000001', 10, 8, 'pcs', '1kg', 75.00, 105.00, 2, 10, 15, TRUE),
(812, 'Soko Fresh Cabbage', 'FRE-0002', '621000000002', 10, 4, 'pcs', '1 Head', 85.00, 125.00, 2, 5, 23, TRUE),
(813, 'Mama Mboga Onions', 'FRE-0003', '621000000003', 10, 4, 'pcs', '1kg', 95.00, 120.00, 2, 7, 57, TRUE),
(814, 'Mama Mboga Carrots', 'FRE-0004', '621000000004', 10, 3, 'pcs', '1kg', 120.00, 165.00, 2, 10, 49, TRUE),
(815, 'Harvest Onions', 'FRE-0005', '621000000005', 10, 8, 'pcs', '1kg', 100.00, 155.00, 2, 5, 46, TRUE),
(816, 'Harvest Spinach', 'FRE-0006', '621000000006', 10, 6, 'pcs', '1 Bunch', 30.00, 45.00, 2, 6, 2, TRUE),
(817, 'Fresh Farm Mangoes', 'FRE-0007', '621000000007', 10, 1, 'pcs', '1kg', 30.00, 40.00, 2, 9, 47, TRUE),
(818, 'Soko Fresh Cabbage', 'FRE-0008', '621000000008', 10, 8, 'pcs', '1 Head', 55.00, 85.00, 2, 10, 17, TRUE),
(819, 'Green Basket Onions', 'FRE-0009', '621000000009', 10, 4, 'pcs', '1kg', 35.00, 50.00, 2, 6, 0, TRUE),
(820, 'Green Basket Oranges', 'FRE-0010', '621000000010', 10, 4, 'pcs', '1kg', 90.00, 130.00, 2, 9, 60, TRUE),
(821, 'Fresh Farm Potatoes', 'FRE-0011', '621000000011', 10, 1, 'pcs', '2kg', 65.00, 80.00, 2, 12, 34, TRUE),
(822, 'Fresh Farm Potatoes', 'FRE-0012', '621000000012', 10, 1, 'pcs', '2kg', 90.00, 115.00, 2, 11, 6, TRUE),
(823, 'Mama Mboga Onions', 'FRE-0013', '621000000013', 10, 6, 'pcs', '1kg', 80.00, 100.00, 2, 12, 57, TRUE),
(824, 'Green Basket Cabbage', 'FRE-0014', '621000000014', 10, 8, 'pcs', '1 Head', 145.00, 185.00, 2, 6, 42, TRUE),
(825, 'Fresh Farm Potatoes', 'FRE-0015', '621000000015', 10, 8, 'pcs', '2kg', 155.00, 185.00, 2, 6, 29, TRUE),
(826, 'Mama Mboga Cabbage', 'FRE-0016', '621000000016', 10, 6, 'pcs', '1 Head', 95.00, 115.00, 2, 9, 9, TRUE),
(827, 'Soko Fresh Spinach', 'FRE-0017', '621000000017', 10, 8, 'pcs', '1 Bunch', 125.00, 160.00, 2, 10, 50, TRUE),
(828, 'Fresh Farm Mangoes', 'FRE-0018', '621000000018', 10, 3, 'pcs', '1kg', 25.00, 35.00, 2, 12, 30, TRUE),
(829, 'Green Basket Cabbage', 'FRE-0019', '621000000019', 10, 2, 'pcs', '1 Head', 90.00, 140.00, 2, 11, 6, TRUE),
(830, 'Harvest Carrots', 'FRE-0020', '621000000020', 10, 7, 'pcs', '1kg', 120.00, 150.00, 2, 12, 34, TRUE),
(831, 'Soko Fresh Spinach', 'FRE-0021', '621000000021', 10, 2, 'pcs', '1 Bunch', 110.00, 145.00, 2, 11, 30, TRUE),
(832, 'Soko Fresh Carrots', 'FRE-0022', '621000000022', 10, 6, 'pcs', '1kg', 140.00, 185.00, 2, 11, 50, TRUE),
(833, 'Soko Fresh Oranges', 'FRE-0023', '621000000023', 10, 2, 'pcs', '1kg', 45.00, 55.00, 2, 12, 47, TRUE),
(834, 'Green Basket Mangoes', 'FRE-0024', '621000000024', 10, 7, 'pcs', '1kg', 105.00, 130.00, 2, 9, 11, TRUE),
(835, 'Harvest Onions', 'FRE-0025', '621000000025', 10, 6, 'pcs', '1kg', 30.00, 40.00, 2, 11, 49, TRUE),
(836, 'Fresh Farm Mangoes', 'FRE-0026', '621000000026', 10, 3, 'pcs', '1kg', 30.00, 40.00, 2, 5, 56, TRUE),
(837, 'Mama Mboga Potatoes', 'FRE-0027', '621000000027', 10, 4, 'pcs', '2kg', 90.00, 125.00, 2, 12, 36, TRUE),
(838, 'Green Basket Bananas', 'FRE-0028', '621000000028', 10, 7, 'pcs', '1 Dozen', 65.00, 80.00, 2, 9, 43, TRUE),
(839, 'Fresh Farm Carrots', 'FRE-0029', '621000000029', 10, 3, 'pcs', '1kg', 105.00, 135.00, 2, 11, 32, TRUE),
(840, 'Fresh Farm Cabbage', 'FRE-0030', '621000000030', 10, 6, 'pcs', '1 Head', 70.00, 95.00, 2, 5, 3, TRUE),
(841, 'Green Basket Onions', 'FRE-0031', '621000000031', 10, 6, 'pcs', '1kg', 130.00, 195.00, 2, 11, 44, TRUE),
(842, 'Mama Mboga Spinach', 'FRE-0032', '621000000032', 10, 8, 'pcs', '1 Bunch', 70.00, 95.00, 2, 7, 42, TRUE),
(843, 'Soko Fresh Potatoes', 'FRE-0033', '621000000033', 10, 3, 'pcs', '2kg', 105.00, 130.00, 2, 11, 23, TRUE),
(844, 'Soko Fresh Cabbage', 'FRE-0034', '621000000034', 10, 8, 'pcs', '1 Head', 30.00, 45.00, 2, 7, 1, TRUE),
(845, 'Soko Fresh Spinach', 'FRE-0035', '621000000035', 10, 7, 'pcs', '1 Bunch', 25.00, 35.00, 2, 12, 26, TRUE),
(846, 'Mama Mboga Potatoes', 'FRE-0036', '621000000036', 10, 6, 'pcs', '2kg', 90.00, 120.00, 2, 11, 28, TRUE),
(847, 'Soko Fresh Bananas', 'FRE-0037', '621000000037', 10, 5, 'pcs', '1 Dozen', 65.00, 105.00, 2, 8, 31, TRUE),
(848, 'Harvest Spinach', 'FRE-0038', '621000000038', 10, 6, 'pcs', '1 Bunch', 85.00, 135.00, 2, 12, 2, TRUE),
(849, 'Harvest Onions', 'FRE-0039', '621000000039', 10, 8, 'pcs', '1kg', 90.00, 115.00, 2, 9, 9, TRUE),
(850, 'Fresh Farm Oranges', 'FRE-0040', '621000000040', 10, 2, 'pcs', '1kg', 95.00, 125.00, 2, 12, 15, TRUE),
(851, 'Harvest Oranges', 'FRE-0041', '621000000041', 10, 8, 'pcs', '1kg', 50.00, 80.00, 2, 5, 21, TRUE),
(852, 'Harvest Mangoes', 'FRE-0042', '621000000042', 10, 6, 'pcs', '1kg', 150.00, 200.00, 2, 11, 21, TRUE),
(853, 'Green Basket Cabbage', 'FRE-0043', '621000000043', 10, 5, 'pcs', '1 Head', 45.00, 55.00, 2, 9, 38, TRUE),
(854, 'Mama Mboga Tomatoes', 'FRE-0044', '621000000044', 10, 1, 'pcs', '1kg', 100.00, 135.00, 2, 9, 42, TRUE),
(855, 'Mama Mboga Cabbage', 'FRE-0045', '621000000045', 10, 5, 'pcs', '1 Head', 25.00, 35.00, 2, 9, 54, TRUE),
(856, 'Harvest Potatoes', 'FRE-0046', '621000000046', 10, 3, 'pcs', '2kg', 60.00, 75.00, 2, 6, 0, TRUE),
(857, 'Mama Mboga Potatoes', 'FRE-0047', '621000000047', 10, 8, 'pcs', '2kg', 65.00, 95.00, 2, 8, 50, TRUE),
(858, 'Harvest Potatoes', 'FRE-0048', '621000000048', 10, 3, 'pcs', '2kg', 135.00, 190.00, 2, 7, 5, TRUE),
(859, 'Mama Mboga Mangoes', 'FRE-0049', '621000000049', 10, 4, 'pcs', '1kg', 120.00, 175.00, 2, 7, 28, TRUE),
(860, 'Fresh Farm Carrots', 'FRE-0050', '621000000050', 10, 3, 'pcs', '1kg', 120.00, 150.00, 2, 5, 7, TRUE),
(861, 'Mama Mboga Mangoes', 'FRE-0051', '621000000051', 10, 7, 'pcs', '1kg', 85.00, 115.00, 2, 8, 60, TRUE),
(862, 'Mama Mboga Spinach', 'FRE-0052', '621000000052', 10, 5, 'pcs', '1 Bunch', 55.00, 75.00, 2, 5, 27, TRUE),
(863, 'Mama Mboga Mangoes', 'FRE-0053', '621000000053', 10, 2, 'pcs', '1kg', 130.00, 155.00, 2, 5, 43, TRUE),
(864, 'Green Basket Oranges', 'FRE-0054', '621000000054', 10, 6, 'pcs', '1kg', 150.00, 210.00, 2, 9, 58, TRUE),
(865, 'Green Basket Cabbage', 'FRE-0055', '621000000055', 10, 8, 'pcs', '1 Head', 120.00, 180.00, 2, 11, 37, TRUE),
(866, 'Harvest Bananas', 'FRE-0056', '621000000056', 10, 6, 'pcs', '1 Dozen', 130.00, 175.00, 2, 7, 43, TRUE),
(867, 'Fresh Farm Oranges', 'FRE-0057', '621000000057', 10, 2, 'pcs', '1kg', 125.00, 155.00, 2, 11, 0, TRUE),
(868, 'Fresh Farm Oranges', 'FRE-0058', '621000000058', 10, 5, 'pcs', '1kg', 110.00, 155.00, 2, 9, 46, TRUE),
(869, 'Fresh Farm Bananas', 'FRE-0059', '621000000059', 10, 2, 'pcs', '1 Dozen', 15.00, 25.00, 2, 8, 60, TRUE),
(870, 'Fresh Farm Onions', 'FRE-0060', '621000000060', 10, 2, 'pcs', '1kg', 125.00, 190.00, 2, 7, 42, TRUE),
(871, 'Green Basket Potatoes', 'FRE-0061', '621000000061', 10, 5, 'pcs', '2kg', 60.00, 80.00, 2, 12, 4, TRUE),
(872, 'Green Basket Spinach', 'FRE-0062', '621000000062', 10, 7, 'pcs', '1 Bunch', 55.00, 70.00, 2, 5, 17, TRUE),
(873, 'Green Basket Spinach', 'FRE-0063', '621000000063', 10, 3, 'pcs', '1 Bunch', 150.00, 220.00, 2, 9, 52, TRUE),
(874, 'Fresh Farm Mangoes', 'FRE-0064', '621000000064', 10, 3, 'pcs', '1kg', 100.00, 120.00, 2, 11, 39, TRUE),
(875, 'Fresh Farm Mangoes', 'FRE-0065', '621000000065', 10, 8, 'pcs', '1kg', 40.00, 50.00, 2, 6, 13, TRUE),
(876, 'Fresh Farm Cabbage', 'FRE-0066', '621000000066', 10, 8, 'pcs', '1 Head', 15.00, 25.00, 2, 9, 46, TRUE),
(877, 'Mama Mboga Tomatoes', 'FRE-0067', '621000000067', 10, 7, 'pcs', '1kg', 40.00, 50.00, 2, 5, 59, TRUE),
(878, 'Soko Fresh Cabbage', 'FRE-0068', '621000000068', 10, 8, 'pcs', '1 Head', 130.00, 160.00, 2, 5, 36, TRUE),
(879, 'Mama Mboga Mangoes', 'FRE-0069', '621000000069', 10, 4, 'pcs', '1kg', 80.00, 100.00, 2, 6, 51, TRUE),
(880, 'Mama Mboga Tomatoes', 'FRE-0070', '621000000070', 10, 6, 'pcs', '1kg', 170.00, 210.00, 2, 6, 30, TRUE),
(881, 'MedSure Bandage Roll', 'PHA-0001', '621100000001', 11, 6, 'pcs', '1pc', 305.00, 400.00, 3, 4, 46, TRUE),
(882, 'MedSure Glucose Test Strips', 'PHA-0002', '621100000002', 11, 4, 'pcs', '25 Pack', 75.00, 105.00, 3, 6, 54, TRUE),
(883, 'Wellness Antacid', 'PHA-0003', '621100000003', 11, 7, 'pcs', '10 Tabs', 45.00, 65.00, 3, 6, 17, TRUE),
(884, 'MedSure Cough Syrup', 'PHA-0004', '621100000004', 11, 4, 'pcs', '100ml', 395.00, 480.00, 3, 9, 33, TRUE),
(885, 'Afya Antacid', 'PHA-0005', '621100000005', 11, 8, 'pcs', '10 Tabs', 165.00, 210.00, 3, 5, 42, TRUE),
(886, 'Afya Digital Thermometer', 'PHA-0006', '621100000006', 11, 8, 'pcs', '1pc', 585.00, 760.00, 3, 8, 36, TRUE),
(887, 'Afya Paracetamol Tablets', 'PHA-0007', '621100000007', 11, 7, 'pcs', '10 Tabs', 235.00, 340.00, 3, 4, 51, TRUE),
(888, 'CarePlus Cough Syrup', 'PHA-0008', '621100000008', 11, 3, 'pcs', '100ml', 600.00, 775.00, 3, 9, 34, TRUE),
(889, 'Afya ORS Sachets', 'PHA-0009', '621100000009', 11, 8, 'pcs', '5 Pack', 40.00, 65.00, 3, 4, 46, TRUE),
(890, 'CarePlus Paracetamol Tablets', 'PHA-0010', '621100000010', 11, 1, 'pcs', '10 Tabs', 440.00, 675.00, 3, 9, 16, TRUE),
(891, 'Afya Vitamin C', 'PHA-0011', '621100000011', 11, 2, 'pcs', '20 Tabs', 295.00, 450.00, 3, 4, 42, TRUE),
(892, 'Relief Cough Syrup', 'PHA-0012', '621100000012', 11, 4, 'pcs', '100ml', 440.00, 575.00, 3, 10, 9, TRUE),
(893, 'MedSure Digital Thermometer', 'PHA-0013', '621100000013', 11, 6, 'pcs', '1pc', 655.00, 775.00, 3, 7, 48, TRUE),
(894, 'Wellness Cough Syrup', 'PHA-0014', '621100000014', 11, 1, 'pcs', '100ml', 370.00, 530.00, 3, 5, 55, TRUE),
(895, 'MedSure Antacid', 'PHA-0015', '621100000015', 11, 3, 'pcs', '10 Tabs', 60.00, 90.00, 3, 7, 53, TRUE),
(896, 'Wellness Bandage Roll', 'PHA-0016', '621100000016', 11, 3, 'pcs', '1pc', 120.00, 180.00, 3, 4, 42, TRUE),
(897, 'Wellness Cough Syrup', 'PHA-0017', '621100000017', 11, 1, 'pcs', '100ml', 245.00, 375.00, 3, 4, 36, TRUE),
(898, 'CarePlus Paracetamol Tablets', 'PHA-0018', '621100000018', 11, 7, 'pcs', '10 Tabs', 690.00, 880.00, 3, 6, 42, TRUE),
(899, 'CarePlus First Aid Plaster', 'PHA-0019', '621100000019', 11, 7, 'pcs', '20 Pack', 170.00, 220.00, 3, 7, 38, TRUE),
(900, 'CarePlus ORS Sachets', 'PHA-0020', '621100000020', 11, 8, 'pcs', '5 Pack', 370.00, 590.00, 3, 9, 16, TRUE),
(901, 'MedSure Cough Syrup', 'PHA-0021', '621100000021', 11, 2, 'pcs', '100ml', 215.00, 350.00, 3, 5, 20, TRUE),
(902, 'Afya Glucose Test Strips', 'PHA-0022', '621100000022', 11, 4, 'pcs', '25 Pack', 490.00, 600.00, 3, 8, 39, TRUE),
(903, 'CarePlus First Aid Plaster', 'PHA-0023', '621100000023', 11, 8, 'pcs', '20 Pack', 190.00, 285.00, 3, 5, 55, TRUE),
(904, 'CarePlus First Aid Plaster', 'PHA-0024', '621100000024', 11, 6, 'pcs', '20 Pack', 145.00, 175.00, 3, 9, 8, TRUE),
(905, 'CarePlus Vitamin C', 'PHA-0025', '621100000025', 11, 8, 'pcs', '20 Tabs', 300.00, 430.00, 3, 10, 56, TRUE),
(906, 'Afya Paracetamol Tablets', 'PHA-0026', '621100000026', 11, 1, 'pcs', '10 Tabs', 590.00, 710.00, 3, 5, 16, TRUE),
(907, 'Wellness First Aid Plaster', 'PHA-0027', '621100000027', 11, 6, 'pcs', '20 Pack', 110.00, 135.00, 3, 7, 51, TRUE),
(908, 'CarePlus Digital Thermometer', 'PHA-0028', '621100000028', 11, 2, 'pcs', '1pc', 590.00, 715.00, 3, 10, 19, TRUE),
(909, 'CarePlus Bandage Roll', 'PHA-0029', '621100000029', 11, 7, 'pcs', '1pc', 95.00, 120.00, 3, 5, 60, TRUE),
(910, 'Afya ORS Sachets', 'PHA-0030', '621100000030', 11, 4, 'pcs', '5 Pack', 340.00, 465.00, 3, 5, 32, TRUE),
(911, 'CarePlus First Aid Plaster', 'PHA-0031', '621100000031', 11, 6, 'pcs', '20 Pack', 250.00, 385.00, 3, 5, 51, TRUE),
(912, 'CarePlus Vitamin C', 'PHA-0032', '621100000032', 11, 5, 'pcs', '20 Tabs', 215.00, 340.00, 3, 4, 41, TRUE),
(913, 'Afya Antacid', 'PHA-0033', '621100000033', 11, 6, 'pcs', '10 Tabs', 590.00, 815.00, 3, 10, 15, TRUE),
(914, 'MedSure ORS Sachets', 'PHA-0034', '621100000034', 11, 3, 'pcs', '5 Pack', 470.00, 585.00, 3, 8, 45, TRUE),
(915, 'CarePlus Glucose Test Strips', 'PHA-0035', '621100000035', 11, 4, 'pcs', '25 Pack', 90.00, 110.00, 3, 10, 36, TRUE),
(916, 'Relief First Aid Plaster', 'PHA-0036', '621100000036', 11, 4, 'pcs', '20 Pack', 225.00, 285.00, 3, 10, 52, TRUE),
(917, 'MedSure ORS Sachets', 'PHA-0037', '621100000037', 11, 1, 'pcs', '5 Pack', 290.00, 430.00, 3, 5, 42, TRUE),
(918, 'Afya Digital Thermometer', 'PHA-0038', '621100000038', 11, 1, 'pcs', '1pc', 45.00, 65.00, 3, 8, 54, TRUE),
(919, 'Wellness Digital Thermometer', 'PHA-0039', '621100000039', 11, 2, 'pcs', '1pc', 320.00, 395.00, 3, 10, 49, TRUE),
(920, 'Relief First Aid Plaster', 'PHA-0040', '621100000040', 11, 7, 'pcs', '20 Pack', 185.00, 250.00, 3, 9, 5, TRUE),
(921, 'CarePlus ORS Sachets', 'PHA-0041', '621100000041', 11, 8, 'pcs', '5 Pack', 245.00, 360.00, 3, 4, 10, TRUE),
(922, 'CarePlus Vitamin C', 'PHA-0042', '621100000042', 11, 1, 'pcs', '20 Tabs', 550.00, 675.00, 3, 8, 52, TRUE),
(923, 'Relief First Aid Plaster', 'PHA-0043', '621100000043', 11, 6, 'pcs', '20 Pack', 610.00, 740.00, 3, 5, 30, TRUE),
(924, 'Afya First Aid Plaster', 'PHA-0044', '621100000044', 11, 1, 'pcs', '20 Pack', 520.00, 820.00, 3, 6, 49, TRUE),
(925, 'Relief Vitamin C', 'PHA-0045', '621100000045', 11, 4, 'pcs', '20 Tabs', 565.00, 725.00, 3, 8, 44, TRUE),
(926, 'Wellness Cough Syrup', 'PHA-0046', '621100000046', 11, 6, 'pcs', '100ml', 665.00, 840.00, 3, 8, 8, TRUE),
(927, 'Afya Paracetamol Tablets', 'PHA-0047', '621100000047', 11, 6, 'pcs', '10 Tabs', 275.00, 380.00, 3, 6, 7, TRUE),
(928, 'Wellness Antacid', 'PHA-0048', '621100000048', 11, 3, 'pcs', '10 Tabs', 510.00, 680.00, 3, 5, 54, TRUE),
(929, 'CarePlus Bandage Roll', 'PHA-0049', '621100000049', 11, 4, 'pcs', '1pc', 405.00, 525.00, 3, 10, 52, TRUE),
(930, 'MedSure ORS Sachets', 'PHA-0050', '621100000050', 11, 5, 'pcs', '5 Pack', 240.00, 355.00, 3, 7, 48, TRUE),
(931, 'Afya Paracetamol Tablets', 'PHA-0051', '621100000051', 11, 2, 'pcs', '10 Tabs', 270.00, 375.00, 3, 8, 37, TRUE),
(932, 'Wellness First Aid Plaster', 'PHA-0052', '621100000052', 11, 6, 'pcs', '20 Pack', 485.00, 655.00, 3, 7, 23, TRUE),
(933, 'CarePlus Cough Syrup', 'PHA-0053', '621100000053', 11, 3, 'pcs', '100ml', 615.00, 850.00, 3, 7, 10, TRUE),
(934, 'Afya Vitamin C', 'PHA-0054', '621100000054', 11, 8, 'pcs', '20 Tabs', 90.00, 130.00, 3, 5, 49, TRUE),
(935, 'CarePlus Antacid', 'PHA-0055', '621100000055', 11, 3, 'pcs', '10 Tabs', 390.00, 510.00, 3, 7, 23, TRUE),
(936, 'MedSure First Aid Plaster', 'PHA-0056', '621100000056', 11, 4, 'pcs', '20 Pack', 330.00, 415.00, 3, 6, 6, TRUE),
(937, 'Afya Cough Syrup', 'PHA-0057', '621100000057', 11, 6, 'pcs', '100ml', 560.00, 830.00, 3, 9, 38, TRUE),
(938, 'Wellness Digital Thermometer', 'PHA-0058', '621100000058', 11, 8, 'pcs', '1pc', 265.00, 345.00, 3, 7, 25, TRUE),
(939, 'MedSure First Aid Plaster', 'PHA-0059', '621100000059', 11, 5, 'pcs', '20 Pack', 455.00, 550.00, 3, 5, 24, TRUE),
(940, 'Relief ORS Sachets', 'PHA-0060', '621100000060', 11, 3, 'pcs', '5 Pack', 255.00, 370.00, 3, 4, 59, TRUE),
(941, 'EduPro Textbook', 'BOO-0001', '621200000001', 12, 5, 'pcs', 'Primary', 260.00, 395.00, 3, 17, 30, TRUE),
(942, 'Soma Ball Pen', 'BOO-0002', '621200000002', 12, 3, 'pcs', 'Blue', 555.00, 715.00, 3, 18, 95, TRUE),
(943, 'Soma Ball Pen', 'BOO-0003', '621200000003', 12, 8, 'pcs', 'Blue', 100.00, 115.00, 3, 8, 83, TRUE),
(944, 'EduPro Marker Pen', 'BOO-0004', '621200000004', 12, 6, 'pcs', 'Black', 125.00, 170.00, 3, 16, 14, TRUE),
(945, 'Soma Textbook', 'BOO-0005', '621200000005', 12, 5, 'pcs', 'Primary', 240.00, 325.00, 3, 14, 30, TRUE),
(946, 'ClassMate A4 Ream Paper', 'BOO-0006', '621200000006', 12, 6, 'pcs', '500 Sheets', 260.00, 355.00, 3, 13, 28, TRUE),
(947, 'ClassMate Ball Pen', 'BOO-0007', '621200000007', 12, 5, 'pcs', 'Blue', 615.00, 825.00, 3, 11, 74, TRUE),
(948, 'EduPro Stapler Pins', 'BOO-0008', '621200000008', 12, 3, 'pcs', '1000 Pack', 655.00, 825.00, 3, 16, 83, TRUE),
(949, 'EduPro Stapler Pins', 'BOO-0009', '621200000009', 12, 2, 'pcs', '1000 Pack', 465.00, 590.00, 3, 8, 15, TRUE),
(950, 'ClassMate Marker Pen', 'BOO-0010', '621200000010', 12, 2, 'pcs', 'Black', 285.00, 350.00, 3, 11, 67, TRUE),
(951, 'ClassMate Textbook', 'BOO-0011', '621200000011', 12, 5, 'pcs', 'Primary', 350.00, 525.00, 3, 9, 77, TRUE),
(952, 'ClassMate Pencil HB', 'BOO-0012', '621200000012', 12, 2, 'pcs', '12 Pack', 70.00, 85.00, 3, 16, 96, TRUE),
(953, 'OfficeLine Receipt Book', 'BOO-0013', '621200000013', 12, 1, 'pcs', 'Duplicate', 120.00, 175.00, 3, 14, 87, TRUE),
(954, 'OfficeLine Textbook', 'BOO-0014', '621200000014', 12, 6, 'pcs', 'Primary', 115.00, 140.00, 3, 12, 57, TRUE),
(955, 'EduPro Exercise Book', 'BOO-0015', '621200000015', 12, 2, 'pcs', '120 Pages', 210.00, 305.00, 3, 14, 67, TRUE),
(956, 'OfficeLine Pencil HB', 'BOO-0016', '621200000016', 12, 3, 'pcs', '12 Pack', 455.00, 635.00, 3, 10, 66, TRUE),
(957, 'OfficeLine Counter Book', 'BOO-0017', '621200000017', 12, 4, 'pcs', '192 Pages', 100.00, 130.00, 3, 8, 21, TRUE),
(958, 'OfficeLine Marker Pen', 'BOO-0018', '621200000018', 12, 7, 'pcs', 'Black', 620.00, 840.00, 3, 7, 52, TRUE),
(959, 'ClassMate A4 Ream Paper', 'BOO-0019', '621200000019', 12, 8, 'pcs', '500 Sheets', 295.00, 355.00, 3, 8, 63, TRUE),
(960, 'Soma Ball Pen', 'BOO-0020', '621200000020', 12, 1, 'pcs', 'Blue', 120.00, 170.00, 3, 13, 80, TRUE),
(961, 'WriteWell Marker Pen', 'BOO-0021', '621200000021', 12, 1, 'pcs', 'Black', 200.00, 270.00, 3, 9, 69, TRUE),
(962, 'Soma Exercise Book', 'BOO-0022', '621200000022', 12, 8, 'pcs', '120 Pages', 195.00, 235.00, 3, 16, 116, TRUE),
(963, 'EduPro A4 Ream Paper', 'BOO-0023', '621200000023', 12, 4, 'pcs', '500 Sheets', 270.00, 365.00, 3, 16, 98, TRUE),
(964, 'ClassMate Exercise Book', 'BOO-0024', '621200000024', 12, 6, 'pcs', '120 Pages', 480.00, 655.00, 3, 15, 18, TRUE),
(965, 'WriteWell Stapler Pins', 'BOO-0025', '621200000025', 12, 2, 'pcs', '1000 Pack', 260.00, 380.00, 3, 13, 97, TRUE),
(966, 'WriteWell Textbook', 'BOO-0026', '621200000026', 12, 1, 'pcs', 'Primary', 390.00, 625.00, 3, 8, 43, TRUE),
(967, 'EduPro Ball Pen', 'BOO-0027', '621200000027', 12, 1, 'pcs', 'Blue', 310.00, 400.00, 3, 8, 55, TRUE),
(968, 'EduPro Marker Pen', 'BOO-0028', '621200000028', 12, 5, 'pcs', 'Black', 305.00, 365.00, 3, 6, 55, TRUE),
(969, 'WriteWell Marker Pen', 'BOO-0029', '621200000029', 12, 3, 'pcs', 'Black', 350.00, 550.00, 3, 18, 34, TRUE),
(970, 'WriteWell A4 Ream Paper', 'BOO-0030', '621200000030', 12, 5, 'pcs', '500 Sheets', 480.00, 645.00, 3, 16, 50, TRUE),
(971, 'EduPro Marker Pen', 'BOO-0031', '621200000031', 12, 1, 'pcs', 'Black', 70.00, 95.00, 3, 8, 115, TRUE),
(972, 'WriteWell Ball Pen', 'BOO-0032', '621200000032', 12, 3, 'pcs', 'Blue', 200.00, 250.00, 3, 11, 62, TRUE),
(973, 'Soma A4 Ream Paper', 'BOO-0033', '621200000033', 12, 2, 'pcs', '500 Sheets', 95.00, 145.00, 3, 18, 34, TRUE),
(974, 'OfficeLine Counter Book', 'BOO-0034', '621200000034', 12, 8, 'pcs', '192 Pages', 505.00, 780.00, 3, 6, 26, TRUE),
(975, 'EduPro Textbook', 'BOO-0035', '621200000035', 12, 6, 'pcs', 'Primary', 385.00, 590.00, 3, 15, 66, TRUE),
(976, 'EduPro Ball Pen', 'BOO-0036', '621200000036', 12, 3, 'pcs', 'Blue', 30.00, 40.00, 3, 8, 38, TRUE),
(977, 'EduPro Pencil HB', 'BOO-0037', '621200000037', 12, 2, 'pcs', '12 Pack', 80.00, 120.00, 3, 12, 20, TRUE),
(978, 'ClassMate A4 Ream Paper', 'BOO-0038', '621200000038', 12, 2, 'pcs', '500 Sheets', 525.00, 660.00, 3, 9, 15, TRUE),
(979, 'WriteWell Exercise Book', 'BOO-0039', '621200000039', 12, 2, 'pcs', '120 Pages', 370.00, 510.00, 3, 6, 42, TRUE),
(980, 'ClassMate Marker Pen', 'BOO-0040', '621200000040', 12, 4, 'pcs', 'Black', 515.00, 645.00, 3, 9, 87, TRUE),
(981, 'EduPro Ball Pen', 'BOO-0041', '621200000041', 12, 6, 'pcs', 'Blue', 25.00, 40.00, 3, 10, 105, TRUE),
(982, 'Soma Textbook', 'BOO-0042', '621200000042', 12, 2, 'pcs', 'Primary', 585.00, 730.00, 3, 9, 88, TRUE),
(983, 'WriteWell A4 Ream Paper', 'BOO-0043', '621200000043', 12, 5, 'pcs', '500 Sheets', 480.00, 650.00, 3, 9, 101, TRUE),
(984, 'WriteWell Ball Pen', 'BOO-0044', '621200000044', 12, 8, 'pcs', 'Blue', 15.00, 20.00, 3, 14, 37, TRUE),
(985, 'WriteWell Textbook', 'BOO-0045', '621200000045', 12, 6, 'pcs', 'Primary', 130.00, 170.00, 3, 8, 23, TRUE),
(986, 'OfficeLine Counter Book', 'BOO-0046', '621200000046', 12, 6, 'pcs', '192 Pages', 130.00, 195.00, 3, 18, 24, TRUE),
(987, 'OfficeLine A4 Ream Paper', 'BOO-0047', '621200000047', 12, 5, 'pcs', '500 Sheets', 70.00, 105.00, 3, 11, 107, TRUE),
(988, 'ClassMate Receipt Book', 'BOO-0048', '621200000048', 12, 8, 'pcs', 'Duplicate', 60.00, 85.00, 3, 10, 59, TRUE),
(989, 'OfficeLine Marker Pen', 'BOO-0049', '621200000049', 12, 4, 'pcs', 'Black', 145.00, 205.00, 3, 12, 119, TRUE),
(990, 'OfficeLine A4 Ream Paper', 'BOO-0050', '621200000050', 12, 8, 'pcs', '500 Sheets', 565.00, 800.00, 3, 16, 11, TRUE),
(991, 'OfficeLine A4 Ream Paper', 'BOO-0051', '621200000051', 12, 3, 'pcs', '500 Sheets', 295.00, 380.00, 3, 7, 20, TRUE),
(992, 'OfficeLine Counter Book', 'BOO-0052', '621200000052', 12, 2, 'pcs', '192 Pages', 505.00, 595.00, 3, 8, 104, TRUE),
(993, 'Soma Textbook', 'BOO-0053', '621200000053', 12, 4, 'pcs', 'Primary', 225.00, 300.00, 3, 7, 61, TRUE),
(994, 'OfficeLine Counter Book', 'BOO-0054', '621200000054', 12, 5, 'pcs', '192 Pages', 195.00, 250.00, 3, 15, 84, TRUE),
(995, 'EduPro Counter Book', 'BOO-0055', '621200000055', 12, 5, 'pcs', '192 Pages', 310.00, 410.00, 3, 13, 61, TRUE),
(996, 'OfficeLine Ball Pen', 'BOO-0056', '621200000056', 12, 3, 'pcs', 'Blue', 70.00, 105.00, 3, 9, 73, TRUE),
(997, 'ClassMate Exercise Book', 'BOO-0057', '621200000057', 12, 1, 'pcs', '120 Pages', 510.00, 630.00, 3, 16, 73, TRUE),
(998, 'OfficeLine Ball Pen', 'BOO-0058', '621200000058', 12, 2, 'pcs', 'Blue', 360.00, 520.00, 3, 15, 48, TRUE),
(999, 'WriteWell A4 Ream Paper', 'BOO-0059', '621200000059', 12, 8, 'pcs', '500 Sheets', 525.00, 655.00, 3, 10, 35, TRUE),
(1000, 'WriteWell Stapler Pins', 'BOO-0060', '621200000060', 12, 1, 'pcs', '1000 Pack', 165.00, 235.00, 3, 14, 120, TRUE);

INSERT INTO stock_movements (product_id, movement_type, quantity, reference_no, notes, created_at)
SELECT id, 'opening_stock', current_stock, 'OPENING-2026', 'Opening stock import for Kenyan-ready demo dataset', NOW() - INTERVAL '7 days'
FROM products
WHERE current_stock > 0;

CREATE INDEX idx_products_name ON products(name);
CREATE INDEX idx_products_category_id ON products(category_id);
CREATE INDEX idx_products_supplier_id ON products(supplier_id);
CREATE INDEX idx_products_tax_id ON products(tax_id);
CREATE INDEX idx_products_sku ON products(sku);
CREATE INDEX idx_products_barcode ON products(barcode);
CREATE INDEX idx_stock_movements_product_id ON stock_movements(product_id);
CREATE INDEX idx_stock_movements_created_at ON stock_movements(created_at);

CREATE OR REPLACE VIEW vw_low_stock_products AS
SELECT
    p.id,
    p.sku,
    p.name,
    c.name AS category_name,
    tc.code AS tax_code,
    tc.tax_type,
    tc.rate AS vat_rate,
    p.current_stock,
    p.reorder_level,
    (p.reorder_level - p.current_stock) AS shortage
FROM products p
JOIN categories c ON c.id = p.category_id
JOIN tax_codes tc ON tc.id = p.tax_id
WHERE p.current_stock <= p.reorder_level
ORDER BY shortage DESC, p.name ASC;

-- Reset sequences
SELECT setval(pg_get_serial_sequence('tax_codes','id'), COALESCE((SELECT MAX(id) FROM tax_codes),1), TRUE);
SELECT setval(pg_get_serial_sequence('categories','id'), COALESCE((SELECT MAX(id) FROM categories),1), TRUE);
SELECT setval(pg_get_serial_sequence('suppliers','id'), COALESCE((SELECT MAX(id) FROM suppliers),1), TRUE);
SELECT setval(pg_get_serial_sequence('products','id'), COALESCE((SELECT MAX(id) FROM products),1), TRUE);
SELECT setval(pg_get_serial_sequence('stock_movements','id'), COALESCE((SELECT MAX(id) FROM stock_movements),1), TRUE);

COMMIT;